-- MySQL dump 10.13  Distrib 5.7.18, for macos10.12 (x86_64)
--
-- Host: localhost    Database: hello_flask
-- ------------------------------------------------------
-- Server version	5.7.18

/*!40101 SET @OLD_CHARACTER_SET_CLIENT=@@CHARACTER_SET_CLIENT */;
/*!40101 SET @OLD_CHARACTER_SET_RESULTS=@@CHARACTER_SET_RESULTS */;
/*!40101 SET @OLD_COLLATION_CONNECTION=@@COLLATION_CONNECTION */;
/*!40101 SET NAMES utf8 */;
/*!40103 SET @OLD_TIME_ZONE=@@TIME_ZONE */;
/*!40103 SET TIME_ZONE='+00:00' */;
/*!40014 SET @OLD_UNIQUE_CHECKS=@@UNIQUE_CHECKS, UNIQUE_CHECKS=0 */;
/*!40014 SET @OLD_FOREIGN_KEY_CHECKS=@@FOREIGN_KEY_CHECKS, FOREIGN_KEY_CHECKS=0 */;
/*!40101 SET @OLD_SQL_MODE=@@SQL_MODE, SQL_MODE='NO_AUTO_VALUE_ON_ZERO' */;
/*!40111 SET @OLD_SQL_NOTES=@@SQL_NOTES, SQL_NOTES=0 */;

--
-- Table structure for table `alembic_version`
--

DROP TABLE IF EXISTS `alembic_version`;
/*!40101 SET @saved_cs_client     = @@character_set_client */;
/*!40101 SET character_set_client = utf8 */;
CREATE TABLE `alembic_version` (
  `version_num` varchar(32) NOT NULL,
  PRIMARY KEY (`version_num`)
) ENGINE=InnoDB DEFAULT CHARSET=utf8;
/*!40101 SET character_set_client = @saved_cs_client */;

--
-- Dumping data for table `alembic_version`
--

LOCK TABLES `alembic_version` WRITE;
/*!40000 ALTER TABLE `alembic_version` DISABLE KEYS */;
INSERT INTO `alembic_version` VALUES ('c2e792f67b3a');
/*!40000 ALTER TABLE `alembic_version` ENABLE KEYS */;
UNLOCK TABLES;

--
-- Table structure for table `comments`
--

DROP TABLE IF EXISTS `comments`;
/*!40101 SET @saved_cs_client     = @@character_set_client */;
/*!40101 SET character_set_client = utf8 */;
CREATE TABLE `comments` (
  `id` int(11) NOT NULL AUTO_INCREMENT,
  `body` text,
  `body_html` text,
  `timestamp` datetime DEFAULT NULL,
  `disabled` tinyint(1) DEFAULT NULL,
  `author_id` int(11) DEFAULT NULL,
  `post_id` int(11) DEFAULT NULL,
  PRIMARY KEY (`id`),
  KEY `author_id` (`author_id`),
  KEY `post_id` (`post_id`),
  KEY `ix_comments_timestamp` (`timestamp`),
  CONSTRAINT `comments_ibfk_1` FOREIGN KEY (`author_id`) REFERENCES `users` (`id`),
  CONSTRAINT `comments_ibfk_2` FOREIGN KEY (`post_id`) REFERENCES `posts` (`id`)
) ENGINE=InnoDB AUTO_INCREMENT=14 DEFAULT CHARSET=utf8;
/*!40101 SET character_set_client = @saved_cs_client */;

--
-- Dumping data for table `comments`
--

LOCK TABLES `comments` WRITE;
/*!40000 ALTER TABLE `comments` DISABLE KEYS */;
INSERT INTO `comments` VALUES (12,'D','D','2018-06-18 09:38:31',0,1,NULL),(13,'d','d','2018-09-15 05:43:47',0,1,103);
/*!40000 ALTER TABLE `comments` ENABLE KEYS */;
UNLOCK TABLES;

--
-- Table structure for table `follows`
--

DROP TABLE IF EXISTS `follows`;
/*!40101 SET @saved_cs_client     = @@character_set_client */;
/*!40101 SET character_set_client = utf8 */;
CREATE TABLE `follows` (
  `follower_id` int(11) NOT NULL,
  `followed_id` int(11) NOT NULL,
  `timestamp` datetime DEFAULT NULL,
  PRIMARY KEY (`follower_id`,`followed_id`),
  KEY `followed_id` (`followed_id`),
  CONSTRAINT `follows_ibfk_1` FOREIGN KEY (`followed_id`) REFERENCES `users` (`id`),
  CONSTRAINT `follows_ibfk_2` FOREIGN KEY (`follower_id`) REFERENCES `users` (`id`)
) ENGINE=InnoDB DEFAULT CHARSET=utf8;
/*!40101 SET character_set_client = @saved_cs_client */;

--
-- Dumping data for table `follows`
--

LOCK TABLES `follows` WRITE;
/*!40000 ALTER TABLE `follows` DISABLE KEYS */;
INSERT INTO `follows` VALUES (1,1,'2018-05-17 01:43:59'),(3,3,'2018-05-17 01:43:59'),(4,4,'2018-05-17 01:43:59'),(5,5,'2018-05-17 01:43:59'),(6,6,'2018-05-17 01:43:59'),(7,7,'2018-05-17 01:43:59'),(8,8,'2018-05-17 01:43:59'),(9,9,'2018-05-17 01:43:59'),(10,10,'2018-05-17 01:43:59'),(11,11,'2018-05-17 01:43:59'),(12,12,'2018-05-17 01:43:59'),(13,13,'2018-05-17 01:43:59'),(14,14,'2018-05-17 01:43:59'),(15,15,'2018-05-17 01:43:59'),(16,16,'2018-05-17 01:43:59'),(17,17,'2018-05-17 01:43:59'),(18,18,'2018-05-17 01:44:00'),(19,19,'2018-05-17 01:44:00'),(20,20,'2018-05-17 01:44:00'),(21,21,'2018-05-17 01:44:00'),(22,22,'2018-05-17 01:44:00'),(23,23,'2018-05-17 01:44:00'),(24,24,'2018-05-17 01:44:00'),(25,25,'2018-05-17 01:44:00'),(26,26,'2018-05-17 01:44:00'),(27,27,'2018-05-17 01:44:00'),(28,28,'2018-05-17 01:44:00'),(29,29,'2018-05-17 01:44:00'),(30,30,'2018-05-17 01:44:00'),(31,31,'2018-05-17 01:44:00'),(32,32,'2018-05-17 01:44:00'),(33,33,'2018-05-17 01:44:00'),(34,34,'2018-05-17 01:44:00'),(35,35,'2018-05-17 01:44:00'),(36,36,'2018-05-17 01:44:00'),(37,37,'2018-05-17 01:44:00'),(38,38,'2018-05-17 01:44:00'),(39,39,'2018-05-17 01:44:00'),(40,40,'2018-05-17 01:44:00'),(41,41,'2018-05-17 01:44:00'),(42,42,'2018-05-17 01:44:00'),(43,43,'2018-05-17 01:44:00'),(44,44,'2018-05-17 01:44:00'),(45,45,'2018-05-17 01:44:00'),(46,46,'2018-05-17 01:44:00'),(47,47,'2018-05-17 01:44:00'),(48,48,'2018-05-17 01:44:00'),(49,49,'2018-05-17 01:44:00'),(50,50,'2018-05-17 01:44:00'),(51,51,'2018-05-17 01:44:00'),(52,52,'2018-05-17 01:44:00'),(53,53,'2018-05-17 01:44:00'),(54,54,'2018-05-17 01:44:00'),(55,55,'2018-05-17 01:44:00'),(56,56,'2018-05-17 01:44:00'),(57,57,'2018-05-17 01:44:00'),(58,58,'2018-05-17 01:44:00'),(59,59,'2018-05-17 01:44:00'),(60,60,'2018-05-17 01:44:00'),(61,61,'2018-05-17 01:44:00'),(62,62,'2018-05-17 01:44:00'),(63,63,'2018-05-17 01:44:00'),(64,64,'2018-05-17 01:44:00'),(65,65,'2018-05-17 01:44:00'),(66,66,'2018-05-17 01:44:00'),(67,67,'2018-05-17 01:44:00'),(68,68,'2018-05-17 01:44:00'),(69,69,'2018-05-17 01:44:00'),(70,70,'2018-05-17 01:44:01'),(71,71,'2018-05-17 01:44:01'),(72,72,'2018-05-17 01:44:01'),(73,73,'2018-05-17 01:44:01'),(74,74,'2018-05-17 01:44:01'),(75,75,'2018-05-17 01:44:01'),(76,76,'2018-05-17 01:44:01'),(77,77,'2018-05-17 01:44:01'),(78,78,'2018-05-17 01:44:01'),(79,79,'2018-05-17 01:44:01'),(80,80,'2018-05-17 01:44:01'),(81,81,'2018-05-17 01:44:01'),(82,82,'2018-05-17 01:44:01'),(83,83,'2018-05-17 01:44:01'),(84,84,'2018-05-17 01:44:01'),(85,85,'2018-05-17 01:44:01'),(86,86,'2018-05-17 01:44:01'),(87,87,'2018-05-17 01:44:01'),(88,88,'2018-05-17 01:44:01'),(89,89,'2018-05-17 01:44:01'),(90,90,'2018-05-17 01:44:01'),(91,91,'2018-05-17 01:44:01'),(92,92,'2018-05-17 01:44:01'),(93,93,'2018-05-17 01:44:01'),(94,94,'2018-05-17 01:44:01'),(95,95,'2018-05-17 01:44:01'),(96,96,'2018-05-17 01:44:01'),(97,97,'2018-05-17 01:44:01'),(98,98,'2018-05-17 01:44:01'),(99,99,'2018-05-17 01:44:01');
/*!40000 ALTER TABLE `follows` ENABLE KEYS */;
UNLOCK TABLES;

--
-- Table structure for table `message`
--

DROP TABLE IF EXISTS `message`;
/*!40101 SET @saved_cs_client     = @@character_set_client */;
/*!40101 SET character_set_client = utf8 */;
CREATE TABLE `message` (
  `id` int(11) NOT NULL AUTO_INCREMENT,
  `sender_id` int(11) DEFAULT NULL,
  `recipient_id` int(11) DEFAULT NULL,
  `timestamp` datetime DEFAULT NULL,
  `body` varchar(140) DEFAULT NULL,
  PRIMARY KEY (`id`),
  KEY `recipient_id` (`recipient_id`),
  KEY `sender_id` (`sender_id`),
  KEY `ix_message_timestamp` (`timestamp`),
  CONSTRAINT `message_ibfk_1` FOREIGN KEY (`recipient_id`) REFERENCES `users` (`id`),
  CONSTRAINT `message_ibfk_2` FOREIGN KEY (`sender_id`) REFERENCES `users` (`id`)
) ENGINE=InnoDB AUTO_INCREMENT=28 DEFAULT CHARSET=utf8;
/*!40101 SET character_set_client = @saved_cs_client */;

--
-- Dumping data for table `message`
--

LOCK TABLES `message` WRITE;
/*!40000 ALTER TABLE `message` DISABLE KEYS */;
INSERT INTO `message` VALUES (1,1,12,'2018-06-28 05:00:00','wqe'),(2,1,15,'2018-06-28 16:33:32','wqe'),(3,109,1,'2018-06-28 17:00:50',' ,m.,m'),(4,109,1,'2018-06-28 17:00:48',',mm.,m,.'),(5,109,1,'2018-06-30 02:39:33','你在干啥1'),(6,109,1,'2018-06-30 02:39:40','好棒棒'),(7,109,1,'2018-06-30 02:40:23','asd'),(8,109,1,'2018-06-30 03:30:29','撒大声地'),(9,109,1,'2018-06-30 03:30:39','撒大声地'),(10,109,1,'2018-06-30 03:30:39','撒大声地'),(11,109,1,'2018-06-30 03:30:40','撒大声地'),(12,109,1,'2018-06-30 03:30:40','撒大声地'),(13,109,1,'2018-06-30 03:30:40','撒大声地'),(14,109,1,'2018-06-30 03:30:40','撒大声地'),(15,109,1,'2018-06-30 03:30:41','撒大声地'),(16,109,1,'2018-06-30 03:30:41','撒大声地'),(17,109,1,'2018-06-30 03:30:41','撒大声地'),(18,109,1,'2018-06-30 03:30:42','撒大声地'),(19,109,1,'2018-06-30 03:30:42','撒大声地'),(20,109,1,'2018-06-30 03:30:42','撒大声地'),(21,109,1,'2018-06-30 03:30:42','撒大声地'),(22,109,1,'2018-06-30 03:30:42','撒大声地'),(23,109,1,'2018-06-30 03:30:43','撒大声地'),(24,109,1,'2018-06-30 03:30:43','撒大声地'),(25,109,1,'2018-06-30 03:30:43','撒大声地'),(26,109,1,'2018-06-30 03:30:43','撒大声地'),(27,109,1,'2018-06-30 03:30:43','撒大声地');
/*!40000 ALTER TABLE `message` ENABLE KEYS */;
UNLOCK TABLES;

--
-- Table structure for table `notification`
--

DROP TABLE IF EXISTS `notification`;
/*!40101 SET @saved_cs_client     = @@character_set_client */;
/*!40101 SET character_set_client = utf8 */;
CREATE TABLE `notification` (
  `id` int(11) NOT NULL AUTO_INCREMENT,
  `name` varchar(128) DEFAULT NULL,
  `user_id` int(11) DEFAULT NULL,
  `timestamp` float DEFAULT NULL,
  `payload_json` text,
  PRIMARY KEY (`id`),
  KEY `user_id` (`user_id`),
  KEY `ix_notification_name` (`name`),
  KEY `ix_notification_timestamp` (`timestamp`),
  CONSTRAINT `notification_ibfk_1` FOREIGN KEY (`user_id`) REFERENCES `users` (`id`)
) ENGINE=InnoDB AUTO_INCREMENT=12 DEFAULT CHARSET=utf8;
/*!40101 SET character_set_client = @saved_cs_client */;

--
-- Dumping data for table `notification`
--

LOCK TABLES `notification` WRITE;
/*!40000 ALTER TABLE `notification` DISABLE KEYS */;
INSERT INTO `notification` VALUES (11,'未读的消息数',1,1,'0');
/*!40000 ALTER TABLE `notification` ENABLE KEYS */;
UNLOCK TABLES;

--
-- Table structure for table `posts`
--

DROP TABLE IF EXISTS `posts`;
/*!40101 SET @saved_cs_client     = @@character_set_client */;
/*!40101 SET character_set_client = utf8 */;
CREATE TABLE `posts` (
  `id` int(11) NOT NULL AUTO_INCREMENT,
  `body` text,
  `timestamp` datetime DEFAULT NULL,
  `author_id` int(11) DEFAULT NULL,
  `body_html` text,
  `title` text,
  PRIMARY KEY (`id`),
  KEY `author_id` (`author_id`),
  KEY `ix_posts_timestamp` (`timestamp`),
  CONSTRAINT `posts_ibfk_1` FOREIGN KEY (`author_id`) REFERENCES `users` (`id`)
) ENGINE=InnoDB AUTO_INCREMENT=104 DEFAULT CHARSET=utf8;
/*!40101 SET character_set_client = @saved_cs_client */;

--
-- Dumping data for table `posts`
--

LOCK TABLES `posts` WRITE;
/*!40000 ALTER TABLE `posts` DISABLE KEYS */;
INSERT INTO `posts` VALUES (1,'Proin at turpis a pede posuere nonummy. Sed ante.','2018-05-11 00:00:00',86,NULL,'Nec vestibulum eu aliquet.'),(2,'Proin leo odio, porttitor id, consequat in, consequat ut, nulla.','2018-05-05 00:00:00',1,NULL,'In volutpat in adipiscing?'),(3,'Cum sociis natoque penatibus et magnis dis parturient montes, nascetur ridiculus mus.','2018-05-01 00:00:00',47,NULL,'Proin vestibulum eleifend mauris!'),(4,'Fusce lacus purus, aliquet at, feugiat non, pretium quis, lectus. Morbi ut odio. Duis bibendum, felis sed interdum venenatis, turpis enim blandit mi, in porttitor pede justo eu massa.','2018-05-06 00:00:00',7,NULL,'Sapien in dictumst elit?'),(5,'Proin at turpis a pede posuere nonummy. Aenean fermentum.','2018-05-09 00:00:00',69,NULL,'Amet ut dictumst ultrices!'),(6,'Praesent id massa id nisl venenatis lacinia.','2018-04-24 00:00:00',52,NULL,'Nisl sapien lacinia tellus!'),(7,'Quisque id justo sit amet sapien dignissim vestibulum. Curabitur gravida nisi at nibh. Nulla nisl.','2018-05-06 00:00:00',53,NULL,'Neque quisque aliquet tincidunt!'),(8,'Vestibulum ante ipsum primis in faucibus orci luctus et ultrices posuere cubilia Curae; Nulla dapibus dolor vel est. Integer a nibh. Duis bibendum.','2018-05-08 00:00:00',83,NULL,'Nunc sem convallis mus?'),(9,'Nam congue, risus semper porta volutpat, quam pede lobortis ligula, sit amet eleifend pede libero quis orci.','2018-05-04 00:00:00',48,NULL,'Lacus magnis accumsan vivamus.'),(10,'Suspendisse potenti. Praesent blandit.','2018-04-24 00:00:00',43,NULL,'Ipsum gravida orci nulla?'),(11,'Cras mi pede, malesuada in, imperdiet et, commodo vulputate, justo. Nullam varius. Nulla ut erat id mauris vulputate elementum.','2018-05-09 00:00:00',62,NULL,'Ultricies sed vel nibh?'),(12,'Curabitur in libero ut massa volutpat convallis. Cras pellentesque volutpat dui. Maecenas rhoncus aliquam lacus.','2018-05-05 00:00:00',43,NULL,'Consectetuer nulla vel quam.'),(13,'Proin risus.','2018-04-25 00:00:00',78,NULL,'Faucibus dapibus proin nulla.'),(14,'Integer aliquet, massa id lobortis convallis, tortor risus dapibus augue, vel accumsan tellus nisi eu orci. Vestibulum sed magna at nunc commodo placerat.','2018-05-11 00:00:00',24,NULL,'Ridiculus duis sapien amet!'),(15,'Aenean sit amet justo. In quis justo.','2018-04-28 00:00:00',5,NULL,'Eleifend congue tristique sed.'),(16,'Vestibulum ac est lacinia nisi venenatis tristique. Aliquam non mauris.','2018-04-24 00:00:00',23,NULL,'Posuere turpis ut enim!'),(17,'Mauris lacinia sapien quis libero. Nunc nisl.','2018-04-29 00:00:00',88,NULL,'Rhoncus felis quam porttitor!'),(18,'Nullam varius. Nam tristique tortor eu pede. Praesent blandit lacinia erat.','2018-04-27 00:00:00',11,NULL,'Tincidunt sapien primis augue.'),(19,'Curabitur convallis. Suspendisse ornare consequat lectus.','2018-05-12 00:00:00',12,NULL,'Parturient elementum mi eu.'),(20,'Curabitur at ipsum ac tellus semper interdum. Morbi ut odio. Suspendisse potenti.','2018-04-27 00:00:00',66,NULL,'Viverra nisl turpis purus!'),(21,'Suspendisse potenti. Nam tristique tortor eu pede.','2018-05-10 00:00:00',93,NULL,'Blandit lectus at morbi.'),(22,'Lorem ipsum dolor sit amet, consectetuer adipiscing elit. Quisque ut erat. Pellentesque eget nunc.','2018-05-06 00:00:00',96,NULL,'Cum nisi platea sed.'),(23,'In congue. Nunc rhoncus dui vel sem. In hac habitasse platea dictumst.','2018-04-24 00:00:00',42,NULL,'Arcu proin vitae vel.'),(24,'Proin interdum mauris non ligula pellentesque ultrices.','2018-04-30 00:00:00',36,NULL,'Mattis ut massa elementum?'),(25,'Nulla facilisi. Mauris lacinia sapien quis libero.','2018-04-27 00:00:00',77,NULL,'Maecenas blandit duis ipsum.'),(26,'Suspendisse potenti. Pellentesque ultrices mattis odio. In hac habitasse platea dictumst.','2018-05-07 00:00:00',56,NULL,'Aliquam faucibus nisi pede!'),(27,'Praesent id massa id nisl venenatis lacinia.','2018-05-10 00:00:00',6,NULL,'Nisl vestibulum vel porta?'),(28,'Lorem ipsum dolor sit amet, consectetuer adipiscing elit.','2018-04-24 00:00:00',62,NULL,'Erat eget nisi vestibulum?'),(29,'Sed vel enim sit amet nunc viverra dapibus. Morbi odio odio, elementum eu, interdum eu, tincidunt in, leo.','2018-05-07 00:00:00',17,NULL,'Interdum ante pulvinar morbi?'),(30,'Morbi quis tortor id nulla ultrices aliquet.','2018-04-25 00:00:00',93,NULL,'Ornare mollis duis suscipit!'),(31,'Vestibulum ac est lacinia nisi venenatis tristique. Nulla mollis molestie lorem.','2018-05-02 00:00:00',89,NULL,'Diam nonummy nunc justo.'),(32,'Maecenas leo odio, condimentum id, luctus nec, molestie sed, justo. Quisque erat eros, viverra eget, congue eget, semper rutrum, nulla.','2018-05-01 00:00:00',80,NULL,'Neque in ut amet.'),(33,'Cras pellentesque volutpat dui.','2018-04-26 00:00:00',10,NULL,'Elementum faucibus turpis lectus.'),(34,'Morbi a ipsum.','2018-05-09 00:00:00',97,NULL,'Sed cum orci et.'),(35,'Sed vel enim sit amet nunc viverra dapibus. Vestibulum ac est lacinia nisi venenatis tristique.','2018-05-07 00:00:00',94,NULL,'Ultrices congue ligula duis.'),(36,'Morbi non lectus. Aliquam sit amet diam in magna bibendum imperdiet. In congue.','2018-04-23 00:00:00',73,NULL,'Donec sit justo nunc?'),(37,'Nulla justo. Donec quis orci eget orci vehicula condimentum.','2018-04-27 00:00:00',36,NULL,'Ut id cras hendrerit?'),(38,'Donec diam neque, vestibulum eget, vulputate ut, ultrices vel, augue. Donec quis orci eget orci vehicula condimentum. Donec ut mauris eget massa tempor convallis.','2018-05-04 00:00:00',77,NULL,'Rutrum sem nisl montes?'),(39,'Duis ac nibh. Pellentesque viverra pede ac diam.','2018-05-10 00:00:00',92,NULL,'Eu dui cras morbi!'),(40,'Donec posuere metus vitae ipsum.','2018-05-06 00:00:00',8,NULL,'Sapien in quis justo!'),(41,'Aliquam quis turpis eget elit sodales scelerisque.','2018-05-12 00:00:00',15,NULL,'Placerat vehicula id eu?'),(42,'Nullam porttitor lacus at turpis.','2018-05-11 00:00:00',56,NULL,'Tempor in in in?'),(43,'Curabitur at ipsum ac tellus semper interdum. Cras pellentesque volutpat dui. In hac habitasse platea dictumst.','2018-05-09 00:00:00',75,NULL,'Mi nulla pellentesque id!'),(44,'Cras pellentesque volutpat dui. Donec ut mauris eget massa tempor convallis.','2018-04-25 00:00:00',49,NULL,'Luctus erat massa vitae.'),(45,'Lorem ipsum dolor sit amet, consectetuer adipiscing elit.','2018-05-12 00:00:00',13,NULL,'Vel elementum erat id.'),(46,'Aliquam non mauris.','2018-05-10 00:00:00',88,NULL,'Dui a sapien quam!'),(47,'Morbi non quam nec dui luctus rutrum.','2018-05-10 00:00:00',71,NULL,'Vestibulum leo metus iaculis!'),(48,'Nam ultrices, libero non mattis pulvinar, nulla pede ullamcorper augue, a suscipit nulla elit ac nulla.','2018-05-10 00:00:00',91,NULL,'Ultrices ultrices nonummy neque!'),(49,'Ut at dolor quis odio consequat varius. Donec ut dolor.','2018-05-07 00:00:00',64,NULL,'Lectus vivamus tortor vivamus.'),(50,'Vestibulum ante ipsum primis in faucibus orci luctus et ultrices posuere cubilia Curae; Duis faucibus accumsan odio. Lorem ipsum dolor sit amet, consectetuer adipiscing elit. Nulla ac enim.','2018-05-04 00:00:00',55,NULL,'Cubilia etiam tincidunt sapien!'),(51,'Nunc rhoncus dui vel sem.','2018-04-28 00:00:00',25,NULL,'Elementum mauris etiam ante!'),(52,'Aenean sit amet justo. Nunc rhoncus dui vel sem.','2018-05-06 00:00:00',72,NULL,'Ac erat primis sem?'),(53,'Donec ut dolor. Etiam vel augue. Integer tincidunt ante vel ipsum.','2018-05-12 00:00:00',96,NULL,'Magna erat habitasse quis!'),(54,'Cras in purus eu magna vulputate luctus.','2018-04-28 00:00:00',41,NULL,'Habitasse donec quis vestibulum.'),(55,'Nulla mollis molestie lorem. Quisque erat eros, viverra eget, congue eget, semper rutrum, nulla.','2018-05-07 00:00:00',23,NULL,'Justo eu donec placerat.'),(56,'Nulla mollis molestie lorem. Fusce consequat.','2018-05-07 00:00:00',88,NULL,'Pretium proin dui maecenas?'),(57,'Proin interdum mauris non ligula pellentesque ultrices.','2018-04-28 00:00:00',48,NULL,'Non posuere consectetuer orci?'),(58,'Nunc nisl. Nulla tellus.','2018-05-11 00:00:00',78,NULL,'Erat volutpat euismod libero?'),(59,'Vestibulum ac est lacinia nisi venenatis tristique. Morbi odio odio, elementum eu, interdum eu, tincidunt in, leo. Etiam pretium iaculis justo.','2018-05-04 00:00:00',63,NULL,'Tempus cras consequat eu!'),(60,'Nulla tellus. Duis at velit eu est congue elementum.','2018-04-30 00:00:00',45,NULL,'Libero mauris amet vel.'),(61,'Aenean auctor gravida sem. Integer ac leo.','2018-05-06 00:00:00',56,NULL,'Augue orci eleifend at?'),(62,'Vivamus tortor. Aenean sit amet justo. In eleifend quam a odio.','2018-05-07 00:00:00',46,NULL,'Aliquam maecenas habitasse integer.'),(63,'Vivamus vel nulla eget eros elementum pellentesque. Praesent blandit lacinia erat. Vivamus metus arcu, adipiscing molestie, hendrerit at, vulputate vitae, nisl.','2018-05-01 00:00:00',35,NULL,'Ultrices quam nam porttitor?'),(64,'In congue. Proin at turpis a pede posuere nonummy.','2018-05-09 00:00:00',35,NULL,'Felis massa eleifend at?'),(65,'Sed sagittis. Quisque ut erat.','2018-05-07 00:00:00',40,NULL,'Posuere donec volutpat sit.'),(66,'Cras non velit nec nisi vulputate nonummy.','2018-05-10 00:00:00',40,NULL,'Porta molestie nullam aliquet?'),(67,'Vestibulum ante ipsum primis in faucibus orci luctus et ultrices posuere cubilia Curae; Mauris viverra diam vitae quam.','2018-05-05 00:00:00',13,NULL,'Quis tellus diam posuere.'),(68,'Maecenas leo odio, condimentum id, luctus nec, molestie sed, justo. Donec dapibus. Vivamus metus arcu, adipiscing molestie, hendrerit at, vulputate vitae, nisl.','2018-05-05 00:00:00',43,NULL,'Posuere at sed suscipit?'),(69,'Cum sociis natoque penatibus et magnis dis parturient montes, nascetur ridiculus mus.','2018-05-05 00:00:00',57,NULL,'Elementum viverra id nunc!'),(70,'Cras non velit nec nisi vulputate nonummy.','2018-04-23 00:00:00',54,NULL,'Urna nec accumsan aenean!'),(71,'Morbi vel lectus in quam fringilla rhoncus.','2018-04-28 00:00:00',86,NULL,'Cursus consequat vel sapien!'),(72,'Morbi porttitor lorem id ligula. Phasellus in felis.','2018-05-05 00:00:00',28,NULL,'Ac adipiscing posuere pretium.'),(73,'Quisque porta volutpat erat. Cras in purus eu magna vulputate luctus. Donec diam neque, vestibulum eget, vulputate ut, ultrices vel, augue.','2018-05-01 00:00:00',18,NULL,'Neque non sit magna?'),(74,'Phasellus id sapien in sapien iaculis congue. Mauris sit amet eros.','2018-04-30 00:00:00',91,NULL,'Congue vulputate feugiat lectus.'),(75,'Suspendisse accumsan tortor quis turpis. Etiam justo. Aliquam non mauris.','2018-04-28 00:00:00',58,NULL,'Cursus volutpat turpis vulputate?'),(76,'Morbi vel lectus in quam fringilla rhoncus.','2018-04-25 00:00:00',98,NULL,'Vitae orci nam dis.'),(77,'Cras pellentesque volutpat dui.','2018-05-12 00:00:00',15,NULL,'Neque neque arcu mattis!'),(78,'Proin interdum mauris non ligula pellentesque ultrices. Vivamus vel nulla eget eros elementum pellentesque.','2018-05-09 00:00:00',98,NULL,'Ac quisque eu duis!'),(79,'Ut at dolor quis odio consequat varius.','2018-04-29 00:00:00',71,NULL,'Proin nisi rhoncus donec.'),(80,'Morbi non lectus. Nam congue, risus semper porta volutpat, quam pede lobortis ligula, sit amet eleifend pede libero quis orci.','2018-05-05 00:00:00',90,NULL,'Magna lorem adipiscing eget?'),(81,'Integer ac leo. Vestibulum ante ipsum primis in faucibus orci luctus et ultrices posuere cubilia Curae; Donec pharetra, magna vestibulum aliquet ultrices, erat tortor sollicitudin mi, sit amet lobortis sapien sapien non mi.','2018-04-27 00:00:00',31,NULL,'Amet in ante leo?'),(82,'Curabitur gravida nisi at nibh. Nam nulla. Vestibulum ante ipsum primis in faucibus orci luctus et ultrices posuere cubilia Curae; Nulla dapibus dolor vel est.','2018-04-30 00:00:00',58,NULL,'Tellus augue volutpat risus?'),(83,'Suspendisse potenti.','2018-05-05 00:00:00',89,NULL,'Dolor eget maecenas praesent.'),(84,'Nulla neque libero, convallis eget, eleifend luctus, ultricies eu, nibh.','2018-05-08 00:00:00',67,NULL,'Quis faucibus ornare non.'),(85,'In eleifend quam a odio.','2018-05-04 00:00:00',75,NULL,'Bibendum tempus pellentesque sem.'),(86,'In congue.','2018-05-06 00:00:00',88,NULL,'Dolor vivamus nisi blandit!'),(87,'Mauris enim leo, rhoncus sed, vestibulum sit amet, cursus id, turpis.','2018-05-08 00:00:00',70,NULL,'Lorem aliquet pharetra duis?'),(88,'Nunc purus. Nullam porttitor lacus at turpis. Aliquam non mauris.','2018-05-08 00:00:00',20,NULL,'Lectus vestibulum semper montes?'),(89,'Cum sociis natoque penatibus et magnis dis parturient montes, nascetur ridiculus mus. Nullam orci pede, venenatis non, sodales sed, tincidunt eu, felis.','2018-04-28 00:00:00',16,NULL,'At lorem elit felis?'),(90,'Duis aliquam convallis nunc. Morbi non quam nec dui luctus rutrum. Nullam molestie nibh in lectus.','2018-04-24 00:00:00',26,NULL,'Vestibulum nam purus ut!'),(91,'Aliquam erat volutpat.','2018-04-26 00:00:00',31,NULL,'Elementum in nisi at?'),(92,'Vivamus tortor. Cras pellentesque volutpat dui.','2018-05-07 00:00:00',14,NULL,'Ante augue congue neque.'),(93,'Praesent id massa id nisl venenatis lacinia. In eleifend quam a odio. Maecenas rhoncus aliquam lacus.','2018-05-09 00:00:00',35,NULL,'Dolor cras nascetur facilisi!'),(94,'Cras mi pede, malesuada in, imperdiet et, commodo vulputate, justo. In tempor, turpis nec euismod scelerisque, quam turpis adipiscing lorem, vitae mattis nibh ligula nec sem.','2018-04-27 00:00:00',33,NULL,'Amet erat felis adipiscing!'),(95,'Morbi vestibulum, velit id pretium iaculis, diam erat fermentum justo, nec condimentum neque sapien placerat ante. Pellentesque viverra pede ac diam. Praesent blandit.','2018-04-23 00:00:00',39,NULL,'Libero fusce porttitor adipiscing.'),(96,'In hac habitasse platea dictumst. Integer aliquet, massa id lobortis convallis, tortor risus dapibus augue, vel accumsan tellus nisi eu orci.','2018-05-11 00:00:00',10,NULL,'Fusce nibh sapien luctus?'),(97,'In hac habitasse platea dictumst. Ut at dolor quis odio consequat varius. Cras mi pede, malesuada in, imperdiet et, commodo vulputate, justo.','2018-04-25 00:00:00',74,NULL,'Ante non convallis pharetra.'),(98,'Proin risus.','2018-05-03 00:00:00',53,NULL,'Sapien condimentum in sit?'),(99,'Cras in purus eu magna vulputate luctus.','2018-05-07 00:00:00',35,NULL,'Arcu potenti mattis suspendisse.'),(100,'Proin risus. Vestibulum ante ipsum primis in faucibus orci luctus et ultrices posuere cubilia Curae; Nulla dapibus dolor vel est.','2018-05-12 00:00:00',65,NULL,'Mauris libero tortor viverra!'),(103,'i\'m adding a post from the command line','2018-05-21 14:33:16',1,'<p>i\'m adding a post from the command line</p>','Metus dis quam lacinia!');
/*!40000 ALTER TABLE `posts` ENABLE KEYS */;
UNLOCK TABLES;

--
-- Table structure for table `roles`
--

DROP TABLE IF EXISTS `roles`;
/*!40101 SET @saved_cs_client     = @@character_set_client */;
/*!40101 SET character_set_client = utf8 */;
CREATE TABLE `roles` (
  `id` int(11) NOT NULL AUTO_INCREMENT,
  `default` tinyint(1) DEFAULT NULL,
  `permissions` int(11) DEFAULT NULL,
  `name` varchar(64) DEFAULT NULL,
  PRIMARY KEY (`id`),
  UNIQUE KEY `name` (`name`),
  KEY `ix_roles_default` (`default`)
) ENGINE=InnoDB AUTO_INCREMENT=4 DEFAULT CHARSET=utf8;
/*!40101 SET character_set_client = @saved_cs_client */;

--
-- Dumping data for table `roles`
--

LOCK TABLES `roles` WRITE;
/*!40000 ALTER TABLE `roles` DISABLE KEYS */;
INSERT INTO `roles` VALUES (1,0,15,'Moderator'),(2,0,255,'Administrator'),(3,1,7,'User');
/*!40000 ALTER TABLE `roles` ENABLE KEYS */;
UNLOCK TABLES;

--
-- Table structure for table `task`
--

DROP TABLE IF EXISTS `task`;
/*!40101 SET @saved_cs_client     = @@character_set_client */;
/*!40101 SET character_set_client = utf8 */;
CREATE TABLE `task` (
  `id` varchar(36) NOT NULL,
  `name` varchar(128) DEFAULT NULL,
  `description` varchar(128) DEFAULT NULL,
  `user_id` int(11) DEFAULT NULL,
  `complete` tinyint(1) DEFAULT NULL,
  PRIMARY KEY (`id`),
  KEY `user_id` (`user_id`),
  CONSTRAINT `task_ibfk_1` FOREIGN KEY (`user_id`) REFERENCES `users` (`id`)
) ENGINE=InnoDB DEFAULT CHARSET=utf8;
/*!40101 SET character_set_client = @saved_cs_client */;

--
-- Dumping data for table `task`
--

LOCK TABLES `task` WRITE;
/*!40000 ALTER TABLE `task` DISABLE KEYS */;
INSERT INTO `task` VALUES ('188c28a6-e8ae-462a-9d0e-20765609bb74','export_posts','正在导出文章...',1,1),('2b85ce6f-91a8-429a-a789-c43d5f8fc8a8','export_posts','正在导出文章...',1,1),('2e6f5e11-a4e8-4e0c-aff3-443ef6197d43','export_posts','正在导出文章...',1,1),('2ec483d7-6000-403d-8055-b89c2278f83e','export_posts','正在导出文章...',1,1),('4d9cfa3a-ceb5-4565-bb7d-3b9dd66103bf','export_posts','正在导出文章...',1,1),('552d7c8a-6581-4316-96cc-963dbcf5714b','export_posts','正在导出文章...',1,1),('669705d4-4719-43a2-9699-b2f010df2b1f','export_posts','正在导出文章...',1,1),('70ec1f9c-a44a-491a-aba6-cd4d6bb5229b','export_posts','正在导出文章...',1,1),('b0616889-36c1-4f2e-bcdd-41a9ee1b0b54','export_posts','正在导出文章...',1,1),('b7be71aa-2f8d-4735-a016-3a9fc5344af2','export_posts','正在导出文章...',1,1),('ca39388c-6828-4753-b3a6-8da4c6566f64','export_posts','正在导出文章...',1,1),('cfc1feba-22c0-46b5-9e14-7f6433846fef','export_posts','正在导出文章...',1,0);
/*!40000 ALTER TABLE `task` ENABLE KEYS */;
UNLOCK TABLES;

--
-- Table structure for table `track`
--

DROP TABLE IF EXISTS `track`;
/*!40101 SET @saved_cs_client     = @@character_set_client */;
/*!40101 SET character_set_client = utf8 */;
CREATE TABLE `track` (
  `id` int(11) NOT NULL AUTO_INCREMENT,
  `ip_address` varchar(15) DEFAULT NULL,
  `visit_time` datetime DEFAULT NULL,
  `visit_Count` int(11) DEFAULT NULL,
  PRIMARY KEY (`id`),
  UNIQUE KEY `ix_track_ip_address` (`ip_address`)
) ENGINE=InnoDB DEFAULT CHARSET=utf8;
/*!40101 SET character_set_client = @saved_cs_client */;

--
-- Dumping data for table `track`
--

LOCK TABLES `track` WRITE;
/*!40000 ALTER TABLE `track` DISABLE KEYS */;
/*!40000 ALTER TABLE `track` ENABLE KEYS */;
UNLOCK TABLES;

--
-- Table structure for table `user_message`
--

DROP TABLE IF EXISTS `user_message`;
/*!40101 SET @saved_cs_client     = @@character_set_client */;
/*!40101 SET character_set_client = utf8 */;
CREATE TABLE `user_message` (
  `id` int(11) NOT NULL AUTO_INCREMENT,
  `user_ip` varchar(16) NOT NULL,
  `last_visit` datetime DEFAULT NULL,
  PRIMARY KEY (`id`),
  UNIQUE KEY `user_ip` (`user_ip`)
) ENGINE=InnoDB AUTO_INCREMENT=2 DEFAULT CHARSET=utf8;
/*!40101 SET character_set_client = @saved_cs_client */;

--
-- Dumping data for table `user_message`
--

LOCK TABLES `user_message` WRITE;
/*!40000 ALTER TABLE `user_message` DISABLE KEYS */;
INSERT INTO `user_message` VALUES (1,'127.0.0.1','2018-09-15 16:18:29');
/*!40000 ALTER TABLE `user_message` ENABLE KEYS */;
UNLOCK TABLES;

--
-- Table structure for table `users`
--

DROP TABLE IF EXISTS `users`;
/*!40101 SET @saved_cs_client     = @@character_set_client */;
/*!40101 SET character_set_client = utf8 */;
CREATE TABLE `users` (
  `avatar_hash` varchar(32) DEFAULT NULL,
  `id` int(11) NOT NULL AUTO_INCREMENT,
  `email` varchar(64) DEFAULT NULL,
  `username` varchar(64) DEFAULT NULL,
  `role_id` int(11) DEFAULT NULL,
  `password_hash` varchar(128) NOT NULL,
  `confirmed` tinyint(1) DEFAULT NULL,
  `name` varchar(64) DEFAULT NULL,
  `location` varchar(64) DEFAULT NULL,
  `about_me` text,
  `member_since` datetime DEFAULT NULL,
  `last_seen` datetime DEFAULT NULL,
  `last_message_read_time` datetime DEFAULT NULL,
  PRIMARY KEY (`id`),
  UNIQUE KEY `ix_users_email` (`email`),
  UNIQUE KEY `ix_users_username` (`username`),
  KEY `role_id` (`role_id`),
  CONSTRAINT `users_ibfk_1` FOREIGN KEY (`role_id`) REFERENCES `roles` (`id`)
) ENGINE=InnoDB AUTO_INCREMENT=110 DEFAULT CHARSET=utf8;
/*!40101 SET character_set_client = @saved_cs_client */;

--
-- Dumping data for table `users`
--

LOCK TABLES `users` WRITE;
/*!40000 ALTER TABLE `users` DISABLE KEYS */;
INSERT INTO `users` VALUES ('51853622153f930a46e7d75b99b87278',1,'fjl2401@163.com','Icecola',2,'pbkdf2:sha256:50000$vhKek6xb$2f468bdbc3d537c46c6d6a7749bc75f0fdab506e4ae89a385bd89d407014ced8',1,'fjl','Jinan','a Student from jinan','2018-05-13 04:20:12','2018-09-15 05:45:20','2018-09-15 13:45:17'),('9b3a7900c11864dc81d2fe03cf613f52',3,'jeremy@yacero.net','frances77',3,'pbkdf2:sha256:50000$h4o3dVu1$06b7e83ec161f02f025061c6cd392775b5243b6408f79c5b3166d4432c73559d',1,'Linda Anderson','Coachella','Mauris enim leo, rhoncus sed, vestibulum sit amet, cursus id, turpis.','2018-04-23 00:00:00','2018-05-13 04:41:42',NULL),('b74a73df4e7b7feff07877c1e61a0379',4,'laura@photojam.com','charles89',3,'pbkdf2:sha256:50000$ktCzMJNl$694555f4f131e33077aa60fc3acc57b49ee8d915d566570dc3f524a8fc262fdd',1,'Donna Arnold','South Gate','Morbi porttitor lorem id ligula.','2018-05-02 00:00:00','2018-05-13 04:41:42',NULL),('6fbe76bc09637fc7fee8db6db8fa71c8',5,'frances@riffwire.name','melissa70',3,'pbkdf2:sha256:50000$Wobj1d5B$f2dde45883bcb456bfc9223f83e0750b84531186ad481c8b00d11ea035abb3e5',1,'Tammy Jacobs','Isleton','Integer ac leo.','2018-05-12 00:00:00','2018-05-13 04:41:43',NULL),('e8f26776971fddff8270f95f4d787183',6,'matthew@avamba.org','jennifer93',3,'pbkdf2:sha256:50000$0gple2Od$e0826f64f935855a5446d2a11e10cc1678dbc42f6200a98f55973f592526135b',1,'Jacqueline Daniels','Santa Rosa','Nullam molestie nibh in lectus.','2018-05-09 00:00:00','2018-05-13 04:41:43',NULL),('e333a8c4fb98743d421858b1d1d5f66d',7,'angela@mydo.gov','justin72',3,'pbkdf2:sha256:50000$id9mo1Gp$cfc8175124b957d32708c83bf0b80c5768e90aa61b32b218229f0b7f73526816',1,'Doris Cook','Willows','Proin at turpis a pede posuere nonummy.','2018-05-01 00:00:00','2018-05-13 04:41:43',NULL),('250ba6ae501eead2bc46935bd72de9bb',8,'stephanie@kazio.net','joan84',3,'pbkdf2:sha256:50000$qfeQPKrX$f6cd208e3cb5f96e51d774ba85a934305757147c810a846a13da1ab0b636bcf8',1,'Norma Alvarez','Berkeley','Cras mi pede, malesuada in, imperdiet et, commodo vulputate, justo.','2018-05-07 00:00:00','2018-05-13 04:41:44',NULL),('24cd1e3bdb55697549c910507ddb6e1a',9,'susan@teklist.mil','rachel89',3,'pbkdf2:sha256:50000$hSGrC7V2$f5924928dd7bd3982b644569e2ea92e496e21e0252ee13a376527922c96614bb',1,'Karen Garza','Bradbury','Vivamus in felis eu sapien cursus vestibulum.','2018-05-08 00:00:00','2018-05-13 04:41:44',NULL),('78dd1766aad622b9293a46f4803686a6',10,'betty@jetpulse.biz','diana68',3,'pbkdf2:sha256:50000$ZVkrP47d$36d449c725f8c9cd3e6a0298b8ace37c05608377b1002be8370e1efe1f65c27a',1,'Judy Garrett','El Centro','Duis consequat dui nec nisi volutpat eleifend.','2018-05-05 00:00:00','2018-05-13 04:41:44',NULL),('7cc0d654cc7cb498452dc64216749c97',11,'emily@blognation.info','diane67',3,'pbkdf2:sha256:50000$vn89F79j$9c7f794aa443b954737a7537ca327cda77667a425c666982a076c0917e36660e',1,'Lori Stanley','South El Monte','Morbi vel lectus in quam fringilla rhoncus.','2018-05-05 00:00:00','2018-05-13 04:41:45',NULL),('ffd4edb32b2089ef80cd6c2ce9a17777',12,'virginia@chatterbridge.biz','karen72',3,'pbkdf2:sha256:50000$2A1AuY7D$3cd177c89b7db559f14dff415752422039a1baabb8f91858a89e809d000fceb8',1,'Anna Ferguson','Hughson','Ut at dolor quis odio consequat varius.','2018-05-04 00:00:00','2018-05-13 04:41:45',NULL),('a8d162dc298d5ea720ea37761dcbef81',13,'virginia@bubblebox.org','carol79',3,'pbkdf2:sha256:50000$zVQWyVkg$5373863176d7b10baf4242cde045c7c5f95874dbf6f0c8332961ba6b927a4097',1,'Robin Patterson','Burlingame','Vivamus tortor.','2018-04-25 00:00:00','2018-05-13 04:41:45',NULL),('b67b915a01e34d2de3de38de3247d105',14,'donna@riffpedia.net','maria76',3,'pbkdf2:sha256:50000$GrLSAqGu$2a27485ff856df330d2c9e7a3149b614c11b2d1bf94fc6183466ce50953579c9',1,'Lillian Collins','La Quinta','Integer pede justo, lacinia eget, tincidunt eget, tempus vel, pede.','2018-05-01 00:00:00','2018-05-13 04:41:46',NULL),('fa20b300f7d68965400177582c66f522',15,'theresa@miboo.edu','robin84',3,'pbkdf2:sha256:50000$iuv8ugtF$7e8b4e1f06cab3683e84f822e3812fb61f0ea5d02589e5999c6288690e29b43c',1,'Linda Sanders','Sanger','Nam dui.','2018-04-23 00:00:00','2018-05-13 04:41:46',NULL),('ac40e60fad34e46d533b1e3df9fe611e',16,'ann@realcube.com','amy88',3,'pbkdf2:sha256:50000$qbEvxvXH$0af5114a4736d184953b343363767f28811ed49a6a1469b7a25fc5847d50da08',1,'Bonnie Dean','Menlo Park','Donec dapibus.','2018-05-03 00:00:00','2018-05-13 04:41:46',NULL),('2886db2d494aa0102af4553cb33bde8c',17,'elizabeth@kwimbee.edu','joyce86',3,'pbkdf2:sha256:50000$Ho9Wlh1t$b992939ed676769ca70782e499d7a17abf0f6c9c9271108bf84690550d56bb12',1,'Rose Spencer','Sebastopol','In est risus, auctor sed, tristique in, tempus sit amet, sem.','2018-04-27 00:00:00','2018-05-13 04:41:47',NULL),('0f9e2a2a758b4979b72aebf24829a34e',18,'virginia@livepath.mil','teresa87',3,'pbkdf2:sha256:50000$PHTaONca$8235feae77b5c2b15a258f4b6e8fc6ba0029e4f30d9e1aaeabd6096f60b98a9a',1,'Patricia Crawford','Fowler','Curabitur in libero ut massa volutpat convallis.','2018-05-01 00:00:00','2018-05-13 04:41:47',NULL),('4e3b250853cb640e555b78162bccc94d',19,'bonnie@photobug.com','phyllis78',3,'pbkdf2:sha256:50000$Hye8UXc2$f332618e7f032bdffc50a61a244b8563a2b9fa110f3e90592a94339973fa09df',1,'Lillian Sanders','Brisbane','Donec posuere metus vitae ipsum.','2018-05-08 00:00:00','2018-05-13 04:41:47',NULL),('d2e7b5cd2e90d7c6905361cf48cc7bed',20,'norma@skaboo.net','sarah80',3,'pbkdf2:sha256:50000$oYix2mtC$4bc63300a5c35308f62d59fc5f3e45001135e99d3207f94171cc2a96ff36604b',1,'Ann Burke','Shafter','Vivamus in felis eu sapien cursus vestibulum.','2018-05-07 00:00:00','2018-05-13 04:41:48',NULL),('0ce93f74f19fadd442d3d57890d8eb99',21,'jean@trudoo.mil','annie69',3,'pbkdf2:sha256:50000$fgXwMWyz$adff1126a46ae83574e0a00fb435a2a87778555f73211a6637869b6b06c36809',1,'Theresa Olson','Malibu','Donec diam neque, vestibulum eget, vulputate ut, ultrices vel, augue.','2018-05-05 00:00:00','2018-05-13 04:41:48',NULL),('079ba81cc65862687506a8023e6de8a6',22,'carolyn@brightdog.net','justin68',3,'pbkdf2:sha256:50000$sYIRNM4l$05870af51ede0b2f3274246aa4a2d2515e8e5bb53b633aa306fee7d7897ddcb0',1,'Stephanie Taylor','Rolling Hills Estates','Nulla mollis molestie lorem.','2018-05-07 00:00:00','2018-05-13 04:41:48',NULL),('11d07d6cb0ac9a7f7171a83eba9091e4',23,'janet@kwideo.edu','patricia71',3,'pbkdf2:sha256:50000$4CVgkXqO$072470bf1458bc5b4b9ed5653b29cfccadcf197f9c20937bfb56118d8c23dd50',1,'Annie Hawkins','Tulelake','Nullam molestie nibh in lectus.','2018-04-24 00:00:00','2018-05-13 04:41:49',NULL),('8e69bdad22de7597d85363cea437be12',24,'anna@reallinks.edu','louise65',3,'pbkdf2:sha256:50000$4WL7Si52$5885a1fc65341dda07281f4a10ac112ba5a47028905b6c1923377fbdfa3fcbbd',1,'Barbara Cruz','Citrus Heights','Integer a nibh.','2018-04-29 00:00:00','2018-05-13 04:41:49',NULL),('93adb9239219754f12c45436a1a3b6b1',25,'katherine@centimia.gov','mary94',3,'pbkdf2:sha256:50000$og5aXgtU$bbac9b5f89d9aaa76dfb52dc6254362003f5c68910af22dd938b2aeea45cb0e3',1,'Denise Welch','Santa Maria','Nullam molestie nibh in lectus.','2018-04-24 00:00:00','2018-05-13 04:41:49',NULL),('1fdd194dafc2b809ccb018352fdac7a7',26,'judith@zazio.mil','katherine94',3,'pbkdf2:sha256:50000$CL3oKbBj$8db870d2d29dfccf687abb228f8c7220b2c7c4201f5668469721afd8c99989b9',1,'Julie Pierce','Gilroy','Aliquam non mauris.','2018-04-23 00:00:00','2018-05-13 04:41:50',NULL),('acddf513fab88284c7646389237bac30',27,'tammy@wordtune.com','brenda76',3,'pbkdf2:sha256:50000$BhP1Qb7Q$42871c43c372a48da0637d1a287c9adfbe62f384694829b4e6e3377480c7de60',1,'Diana Robertson','Los Gatos','Nulla ac enim.','2018-05-10 00:00:00','2018-05-13 04:41:50',NULL),('d6693f78b9d18f7696dd404cbd60364b',28,'ruby@babbleblab.biz','angela70',3,'pbkdf2:sha256:50000$hB1zm8tO$c6e5e95172a7d3cc3be950a11dfeefd38dd22b986abb45f8cba8fa32ef5d9ddf',1,'Kimberly Clark','Shafter','Integer pede justo, lacinia eget, tincidunt eget, tempus vel, pede.','2018-05-08 00:00:00','2018-05-13 04:41:50',NULL),('be950d53da9687c9eedc9c2a27b5a494',29,'louis@camido.biz','carol63',3,'pbkdf2:sha256:50000$QLMryEcS$75f598ac119a6836216b47451253d2ae7838381cb0cc1a86100f7c937dd2b7ee',1,'Elizabeth Nelson','Morro Bay','Pellentesque viverra pede ac diam.','2018-05-04 00:00:00','2018-05-13 04:41:51',NULL),('6fb6afbc241740ff49f4510c88192a4d',30,'jennifer@dabshots.org','ashley72',3,'pbkdf2:sha256:50000$sSJQehqu$5217792f7dd2c447763a933e7e47279e1f3cf4a227554fabe9f4a1a051faa3be',1,'Margaret Thomas','Watsonville','Quisque ut erat.','2018-04-30 00:00:00','2018-05-13 04:41:51',NULL),('4d5cdadc07a09dea82be795ba2e77c1d',31,'cynthia@photojam.com','diana72',3,'pbkdf2:sha256:50000$iiBnf7LD$46f97ead7531d5ab738b9c54b661aa74c8e052ce30317b7572aa2551d4381e9d',1,'Ruth Payne','Tehama','Morbi vel lectus in quam fringilla rhoncus.','2018-05-03 00:00:00','2018-05-13 04:41:51',NULL),('3f54952bf04588f3d20d1e4cb64458e0',32,'nicole@jaxnation.biz','joan86',3,'pbkdf2:sha256:50000$Ky1kUP6C$a1481066d3fe2b5b0216a70b0a1a815eb562a17deab94274b3e763eba35aaacf',1,'Robin Johnson','Orange Cove','Donec diam neque, vestibulum eget, vulputate ut, ultrices vel, augue.','2018-05-04 00:00:00','2018-05-13 04:41:52',NULL),('f5692d245f5140702987e6ec2988ef74',33,'kathleen@jabbersphere.biz','emily85',3,'pbkdf2:sha256:50000$mRb35UbR$ab18d5f551c76628a7a2c0a1191a3d729330c6dda380fa30d0c5b867ef5dcffa',1,'Gloria Hansen','San Anselmo','Donec quis orci eget orci vehicula condimentum.','2018-05-03 00:00:00','2018-05-13 04:41:52',NULL),('d342ede95e05dfe490d3189170a7af39',34,'rose@gigashots.info','donna84',3,'pbkdf2:sha256:50000$QAc78beu$9845fea3ace004167bd73e52814345cf6cba27fa5fb7840cc72a6ac0bdc50391',1,'Helen Bell','Ione','Donec ut mauris eget massa tempor convallis.','2018-04-23 00:00:00','2018-05-13 04:41:52',NULL),('6d53dc49f2fc3512f6bbbf101d74d1eb',35,'doris@oyope.net','ann85',3,'pbkdf2:sha256:50000$7DqkJUqi$b62a33606b03d8ee373d9016f28562dda87611344cc2cd3afadcc3dd0d1b1f26',1,'Rebecca Harris','Gustine','Integer a nibh.','2018-05-11 00:00:00','2018-05-13 04:41:53',NULL),('5f76d1a91136b763c3b25d3cfb4f7cc1',36,'kathleen@pixonyx.mil','frances87',3,'pbkdf2:sha256:50000$fk4sBnGT$1f4e75cb642d8c75e02513823512fa4a50f4bcd735fc81ba65d9575445473206',1,'Angela Stone','Danville','Nunc nisl.','2018-05-04 00:00:00','2018-05-13 04:41:53',NULL),('cefc985592a45d18b924a46307689e93',37,'annie@cogidoo.info','alice71',3,'pbkdf2:sha256:50000$v3NWqtaL$e3cf8013686594a6ed4d3a0fabc3d7046444a844493c854cf5019a55a5393996',1,'Anna Williamson','Chino','Integer ac neque.','2018-05-10 00:00:00','2018-05-13 04:41:54',NULL),('e1809c7a7a47d7094fc02c097fe0c53e',38,'lori@bluezoom.com','sharon70',3,'pbkdf2:sha256:50000$H84Nr27U$cbacc11e5460993458e05090c3f9eba5ea75aa049ce982f67f24977cc31bc276',1,'Diane Hudson','Dinuba','Curabitur gravida nisi at nibh.','2018-04-26 00:00:00','2018-05-13 04:41:54',NULL),('127a267d549b3b492be609bedf9b61e6',39,'rose@jaloo.mil','debra75',3,'pbkdf2:sha256:50000$sGPRlkuS$b8955fe7765ea81d4427738aeedf5f80d7c28841d8447dcc5223a01d7aa5baa2',1,'Christine Brooks','East Palo Alto','Vivamus in felis eu sapien cursus vestibulum.','2018-05-09 00:00:00','2018-05-13 04:41:54',NULL),('2c106cf5e3b9b3cc8e3dc3d85ac7b3b3',40,'alice@realbuzz.edu','barbara68',3,'pbkdf2:sha256:50000$ckmjjXbS$3c94441512c1ebd2168c6285ae19f90da9da09dbb749a5c6c78e36a06785fb17',1,'Teresa Bryant','Portola','Curabitur gravida nisi at nibh.','2018-04-28 00:00:00','2018-05-13 04:41:55',NULL),('f5b8f97480aaa6627d1e73dd3587c982',41,'tammy@demizz.edu','nicole70',3,'pbkdf2:sha256:50000$g2HvZ1CK$f9c2888037f85048259d4b1f57a747f6a2bce8f3e786baee5d147245ca5d2582',1,'Robin Andrews','City of Industry','Nunc rhoncus dui vel sem.','2018-05-02 00:00:00','2018-05-13 04:41:55',NULL),('32bb3b14ad0de4775d36a925d45e7de7',42,'barbara@divape.com','karen88',3,'pbkdf2:sha256:50000$R0v7c0CK$2da29e234008c6cf1c85f5f5022114b6074e5a163884ca451855738e061d39e6',1,'Cheryl Payne','Anderson','Duis bibendum, felis sed interdum venenatis, turpis enim blandit mi, in porttitor pede justo eu massa.','2018-05-10 00:00:00','2018-05-13 04:41:55',NULL),('1890a9d48faf1c1e3ab1713ba696d242',43,'anne@aibox.mil','ashley94',3,'pbkdf2:sha256:50000$xTNZSB1Z$73a920d11bb45f75770010c1daad4406d49aeabee5e3585b31b5e91b33bf051f',1,'Patricia Mendoza','Shafter','Morbi porttitor lorem id ligula.','2018-05-05 00:00:00','2018-05-13 04:41:56',NULL),('7ea83f584f0a3cad218f6adae5b9e867',44,'joan@tazz.org','jacqueline72',3,'pbkdf2:sha256:50000$H9mqVX36$57603a4ffbc7da1fcf4d6b6fdc89ffc1cfc3dd45dc0e14eb65003e5e63cb2be5',1,'Catherine Rice','Los Altos','Fusce congue, diam id ornare imperdiet, sapien urna pretium nisl, ut volutpat sapien arcu sed augue.','2018-05-11 00:00:00','2018-05-13 04:41:56',NULL),('3395609027c03605346dbf1bf61cd52e',45,'stephanie@livefish.name','tina63',3,'pbkdf2:sha256:50000$uRrpJ7dp$f465cd10c91e5762bea0c71a3857743689b389a07f8430f4b5a37f648225f564',1,'Linda Graham','Oxnard','Mauris lacinia sapien quis libero.','2018-05-06 00:00:00','2018-05-13 04:41:57',NULL),('9db1887f442d0f1d783ab095e821e1b2',46,'rebecca@babbleblab.org','christine84',3,'pbkdf2:sha256:50000$3PVQZQoT$0fe9dc06fd6baa9926050c7281964c7561bd546fad2f72f5c588f5d54561cd04',1,'Patricia Hamilton','Laguna Hills','Etiam faucibus cursus urna.','2018-05-11 00:00:00','2018-05-13 04:41:57',NULL),('0fc81f9b3ab107cd674b7bc531972eb4',47,'lisa@avavee.org','joan87',3,'pbkdf2:sha256:50000$RTcrzmAa$827b111b3d13357067bdfdeb874500bdfadb5becb65ff214f0dfeb1e6bbb8615',1,'Rose Richards','Big Bear Lake','In hac habitasse platea dictumst.','2018-05-08 00:00:00','2018-05-13 04:41:57',NULL),('3d9780fea1042290751a862bf5d1294a',48,'phyllis@tazz.info','phyllis77',3,'pbkdf2:sha256:50000$5LWWMxGA$e370b54807e4f8fa6bf4ca49c47129f6fe6ae844efeb0c043812c9683ceb723d',1,'Sharon Moore','Etna','Cras pellentesque volutpat dui.','2018-05-11 00:00:00','2018-05-13 04:41:58',NULL),('4de1f0622f6dbd10b4c08aa6929e5895',49,'gloria@npath.mil','katherine66',3,'pbkdf2:sha256:50000$ajPzo3A2$5f90c36371ac3753e1216b6e0e1377c689c820b3110d300ec1f78c1e4802de38',1,'Judith Richardson','Elk Grove','Fusce lacus purus, aliquet at, feugiat non, pretium quis, lectus.','2018-05-08 00:00:00','2018-05-13 04:41:58',NULL),('de6be42d54ad7d11be2570a7afde1018',50,'norma@tambee.com','gloria74',3,'pbkdf2:sha256:50000$N4o7LFJj$99fcf6f5bc6ada07b6d545cfc8938098a9f3ddb0271cbb0c53141651c1661c06',1,'Margaret Wilson','Sausalito','Curabitur convallis.','2018-04-24 00:00:00','2018-05-13 04:41:59',NULL),('9cf799338b865ce3a7a828b266e356f2',51,'amanda@youopia.org','pamela64',3,'pbkdf2:sha256:50000$XFqnbHPl$4be3b1e9ad9c4846024e054106237e955ea2c5b96ff79ceea3a534c2af2951c1',1,'Tina Carr','La Mesa','Integer ac leo.','2018-04-28 00:00:00','2018-05-13 04:41:59',NULL),('3a4defc7d4c9825acdc4965e5ed559e6',52,'angela@flashspan.org','theresa65',3,'pbkdf2:sha256:50000$8rbWXMBD$872f4ccea9d98b3458539f6d1f51992c4b45df8483cbf26d1b316480c226bda8',1,'Linda Lane','Huntington Park','Morbi vestibulum, velit id pretium iaculis, diam erat fermentum justo, nec condimentum neque sapien placerat ante.','2018-05-08 00:00:00','2018-05-13 04:41:59',NULL),('9afe430d94fd9256a11708b0f884d945',53,'lori@dynabox.gov','mary89',3,'pbkdf2:sha256:50000$mDrxMayh$f3850aae9569abd8579b81ae79f85f9f3a7bf68ad3a3a038103eb5dadb744b5b',1,'Lisa Cruz','Santa Clara','Morbi non lectus.','2018-05-08 00:00:00','2018-05-13 04:42:00',NULL),('11cb8aa1a6fe9fb7821d72db8e168f80',54,'stephanie@skilith.mil','rebecca84',3,'pbkdf2:sha256:50000$480xBtD3$2e88807007ecb01b590c145b56f534e3674fda494f767a6885528974f483feda',1,'Virginia Gutierrez','Milpitas','Suspendisse ornare consequat lectus.','2018-05-02 00:00:00','2018-05-13 04:42:00',NULL),('009ac1e9abaabb9768500eefc5d64e5b',55,'joan@digitube.biz','sara63',3,'pbkdf2:sha256:50000$bQw7t6ID$3c9997d9c04a7a6641a5d35c9b5133e65de9fb02efedd35bb1f961491fcf52e8',1,'Judith Harvey','San Marino','Aenean fermentum.','2018-04-28 00:00:00','2018-05-13 04:42:00',NULL),('70767ea34c4f130f4d2dc0bda8937083',56,'sarah@meemm.mil','kimberly84',3,'pbkdf2:sha256:50000$5S7kJ8z7$dd0d20dc98b534df75d5560686d1d9e46622efe8ed04963dc408c7937847e7fc',1,'Stephanie Reed','Arvin','Maecenas tincidunt lacus at velit.','2018-05-01 00:00:00','2018-05-13 04:42:01',NULL),('6873a48a5c4d7d7e405d3f64f5515526',57,'maria@wordify.org','mary79',3,'pbkdf2:sha256:50000$WlH8TSth$1f35903d7a18c0d896f254bd5c5efd0e1cd5bfe5892b4d46492de88bfc4459c3',1,'Sara Porter','Morro Bay','Aliquam augue quam, sollicitudin vitae, consectetuer eget, rutrum at, lorem.','2018-05-04 00:00:00','2018-05-13 04:42:02',NULL),('1c25f2e2eab4b6463c7864bd8d4af0dc',58,'debra@riffpath.edu','katherine79',3,'pbkdf2:sha256:50000$lte5UrjF$d7dc2ffc3dbbdd7737d9b6634598022096843cca49ef61068e2bafa679e46708',1,'Margaret Watson','Lake Forest','Aenean sit amet justo.','2018-04-26 00:00:00','2018-05-13 04:42:02',NULL),('d2b4e13df69f2a02ac6e5b080a6e1ae0',59,'gloria@meevee.edu','anna82',3,'pbkdf2:sha256:50000$VFPSrutj$cbb2f2a10cbcf7155732c82a07aa50c1e2fffb204515a24f687f3d6c559b43f6',1,'Robin Harris','Chino','Nulla justo.','2018-04-28 00:00:00','2018-05-13 04:42:03',NULL),('58571cd26ba0f3a3d8e888257420626e',60,'maria@jaxnation.edu','christina77',3,'pbkdf2:sha256:50000$T6iCPfnz$9b7e3d9057ed4f2ccd0c86455145364b34da62c2fde2da36fe3d1ae628ba5196',1,'Sara Kim','Brawley','In quis justo.','2018-05-01 00:00:00','2018-05-13 04:42:03',NULL),('ae93f4221d12a275e664f6b25b226a8d',61,'evelyn@podcat.org','debra67',3,'pbkdf2:sha256:50000$W6lA0KfN$0964fc16309de790e381b10824bfdd7eb42c2dc25ce79f5b522190fa36912743',1,'Cynthia Boyd','Loomis','Fusce consequat.','2018-04-27 00:00:00','2018-05-13 04:42:03',NULL),('ec5428d9ed6fdfee115aa08a00cac60b',62,'lois@shufflester.mil','barbara84',3,'pbkdf2:sha256:50000$oR4f3lxg$bf45daafea5d82951c0a0b5724a00125945e94268f469bd606177a653b697f1d',1,'Kelly Russell','Oakland','Ut at dolor quis odio consequat varius.','2018-05-10 00:00:00','2018-05-13 04:42:04',NULL),('ef707a86ed90eef924664489b600668b',63,'sara@youbridge.name','mary71',3,'pbkdf2:sha256:50000$NkFSPqOa$1fae2e437155964672c5cf270835d49bb3d76fcbbac6bcca56a6636b62daa53c',1,'Frances Bryant','Hollister','Nulla tempus.','2018-05-02 00:00:00','2018-05-13 04:42:04',NULL),('95c40cf9d10e2f18e20ed725b46e69b8',64,'doris@cogilith.mil','sandra86',3,'pbkdf2:sha256:50000$jdr3dXfL$090a4153691fd0e91ca1d20f9b27712601d64624a8b700a222b2f1ee2cefc2f7',1,'Margaret Phillips','Beaumont','Etiam pretium iaculis justo.','2018-05-11 00:00:00','2018-05-13 04:42:05',NULL),('f4b55f512ec11f56825df5dd9c3cfdd2',65,'frances@gigaclub.mil','ann65',3,'pbkdf2:sha256:50000$vF88W9Qu$7cbc1922d86c0787e390d72738c4b960d955489766f0575ede58f534d6e43c60',1,'Joan Lopez','Temecula','Quisque porta volutpat erat.','2018-05-06 00:00:00','2018-05-13 04:42:05',NULL),('cab8e7ff011cdded79955bd388a1fe84',66,'marilyn@thoughtsphere.gov','marilyn88',3,'pbkdf2:sha256:50000$eqObAdcu$ac9afd3db06ff88856cefd2b197443317ebf2c4a22349efe8bcd045d2ea629b4',1,'Jennifer Williamson','Irvine','Donec dapibus.','2018-05-05 00:00:00','2018-05-13 04:42:05',NULL),('be17662c15a14e2e380cc2728ae37946',67,'paula@tagcat.net','marie91',3,'pbkdf2:sha256:50000$kgZvlquB$c18bcc0fa7fab65199f58f9ffa62014805b43e060da18d4116cc8fb7b0972e78',1,'Phyllis Morrison','Brea','Morbi a ipsum.','2018-05-11 00:00:00','2018-05-13 04:42:06',NULL),('b60b12c34e16359d008dc8258cebeb79',68,'anna@zoomzone.info','jacqueline66',3,'pbkdf2:sha256:50000$ZL60Eqmn$61dfe2a66e38e5c31e41b9cf703f2310409b9c9bb014d16b77a07e726bf4b18f',1,'Annie Diaz','Larkspur','Aenean auctor gravida sem.','2018-05-04 00:00:00','2018-05-13 04:42:06',NULL),('8bbea472b44bf234d3167187c4742561',69,'norma@tavu.edu','julia89',3,'pbkdf2:sha256:50000$hIwqRLdb$a60956cef64cb4dedf4747f9037cda38646372147fd8d6e949dc85112ce57565',1,'Ruby Gray','Cupertino','Nullam porttitor lacus at turpis.','2018-05-06 00:00:00','2018-05-13 04:42:06',NULL),('73af03bc75d936c92a29ea2eba400de8',70,'louise@shufflester.mil','karen80',3,'pbkdf2:sha256:50000$x0qSia1J$73b80564c752bf2c8e3245b887a19a763f1a39a5e4116500c2e37fda1f5cde2d',1,'Michelle Hunt','Menifee','Nam tristique tortor eu pede.','2018-04-29 00:00:00','2018-05-13 04:42:07',NULL),('0c965d003db0d2e4f615b21e7c95b847',71,'phyllis@riffwire.biz','kathryn94',3,'pbkdf2:sha256:50000$aWr3pCqK$670a28735c314bc9166157ef9cb2c9da39c7c3ebc4ef719fbce47759ece25aa7',1,'Annie Wilson','Imperial Beach','In sagittis dui vel nisl.','2018-05-12 00:00:00','2018-05-13 04:42:07',NULL),('73566d1f01ce1ae82d2264a464ba90c8',72,'janet@demimbu.info','teresa84',3,'pbkdf2:sha256:50000$iflOY0KM$b57bed34cd382cdb86bf27528cb0b1b70dfaf3c0d8db7159933fb9ae59743609',1,'Phyllis Davis','Atherton','Praesent id massa id nisl venenatis lacinia.','2018-04-30 00:00:00','2018-05-13 04:42:07',NULL),('c286db22504f2022109a4ed3cd3e1d17',73,'rachel@quimm.edu','beverly88',3,'pbkdf2:sha256:50000$2wqycnxU$c98a1f671e0f88f6b60ef535cff3e9a83bc275bda067b15510bf06cb33e0691d',1,'Deborah Ford','Carpinteria','Curabitur at ipsum ac tellus semper interdum.','2018-05-02 00:00:00','2018-05-13 04:42:08',NULL),('b904cab6b0af8298f2728ee8231cf63a',74,'barbara@oodoo.name','margaret70',3,'pbkdf2:sha256:50000$4duzHB3A$370008779497a2b2e56ea7a39034a262d4821e2bfc2ad44e8f45ab2c35730df6',1,'Jean James','Benicia','Cum sociis natoque penatibus et magnis dis parturient montes, nascetur ridiculus mus.','2018-05-12 00:00:00','2018-05-13 04:42:08',NULL),('98542753a487cd353ad0c72f674b5d1e',75,'jane@tagchat.com','rachel83',3,'pbkdf2:sha256:50000$5Fpownie$88fb916f9cd2a73aec5e974e975efa22358f4dae91cd34dde3c8460ddba54428',1,'Betty Hawkins','La Verne','Donec odio justo, sollicitudin ut, suscipit a, feugiat et, eros.','2018-05-01 00:00:00','2018-05-13 04:42:08',NULL),('8882f500657dd4bf13a1a5c6d51f4025',76,'betty@browseblab.net','karen87',3,'pbkdf2:sha256:50000$PytpjhWf$52715fd68574528a0ee6544923a0571537ebd05a24f19973d3baa2a892ab66da',1,'Emily Carter','Rancho Santa Margarita','Morbi non lectus.','2018-04-26 00:00:00','2018-05-13 04:42:09',NULL),('b8ba05228260dc189dc4cd5edb12cffb',77,'lisa@thoughtblab.org','karen75',3,'pbkdf2:sha256:50000$uYSkVyyF$fd7280fdeab9e6d9c140aa389f3fbced4b157708e4b07c94aa55d96781e18379',1,'Norma Thompson','Clayton','Etiam faucibus cursus urna.','2018-05-02 00:00:00','2018-05-13 04:42:09',NULL),('49ae4283ac714470279e9af1b0660bc2',78,'phyllis@skalith.edu','stephanie79',3,'pbkdf2:sha256:50000$Rq7gjFFE$6491a6d6c96fbde444dbc0548c4ccb032dcd098627bade009a669a7d4d4773af',1,'Helen Fox','Lemoore','Proin interdum mauris non ligula pellentesque ultrices.','2018-05-11 00:00:00','2018-05-13 04:42:10',NULL),('149ad43fed1ec7a407735f540c57db08',79,'phyllis@trudeo.biz','anna77',3,'pbkdf2:sha256:50000$TQgqyL1l$2ed0e57743ef7a4f15484a99a0a7225f80c2b1dcc29a745b33e4137bc03211fd',1,'Tammy Ryan','Ione','Nunc purus.','2018-04-27 00:00:00','2018-05-13 04:42:10',NULL),('8fe353cb54def77bd51d8815664fff3b',80,'sandra@babbleopia.org','mildred84',3,'pbkdf2:sha256:50000$U6j6vl7p$8859590a5e39a448cd7ba639e9d61e4ec0ebb6b94c92ab0808da27e9eaadcf3f',1,'Janice Kim','Yreka','Cras in purus eu magna vulputate luctus.','2018-05-05 00:00:00','2018-05-13 04:42:10',NULL),('52df8bcddca6085b3f7413f163d44c59',81,'teresa@skynoodle.edu','kelly63',3,'pbkdf2:sha256:50000$2EdkSsiK$a318cb61ff9b68af835ec47b32a1543b52205d36afd472d59904416328271060',1,'Julie Sullivan','Montague','Pellentesque at nulla.','2018-04-27 00:00:00','2018-05-13 04:42:11',NULL),('a4e6b0a64099ba938931b641b2d02f1c',82,'amanda@trudeo.mil','marilyn86',3,'pbkdf2:sha256:50000$fwjMfD2D$87065d390d3da847edddcaf8142e3fe8178f23b3052d6ad3b1501371cb39c006',1,'Virginia Gonzalez','Hidden Hills','Pellentesque at nulla.','2018-04-28 00:00:00','2018-05-13 04:42:11',NULL),('0435befc2828d46b0914b68c02489f19',83,'karen@skivee.biz','dorothy73',3,'pbkdf2:sha256:50000$Ce0Itxkx$dadc9893fb6b6c7a468e5fd997e93a01351b95adc192f309c31d8756933d0b60',1,'Doris Thomas','Studio City','Phasellus in felis.','2018-05-04 00:00:00','2018-05-13 04:42:12',NULL),('16edd24dcb5099057c46529677f7d688',84,'nicole@aivee.gov','marie63',3,'pbkdf2:sha256:50000$MaLmTsW4$3b3c5b634d833f4ff5547de39ca3f1fa183717239264590aecb7421982b83503',1,'Karen Smith','Woodlake','Nulla nisl.','2018-05-07 00:00:00','2018-05-13 04:42:12',NULL),('d8ba2223fcb86d8abbf5b44e975d9204',85,'annie@fiveclub.edu','christina68',3,'pbkdf2:sha256:50000$BMRbSIr2$c23bf2ea578325b7f645478747dd07478c6d866d0750bac349aaad378cec783e',1,'Rose Cole','Coronado','Curabitur convallis.','2018-04-29 00:00:00','2018-05-13 04:42:12',NULL),('700f64672eae0d15a3a3e98d946c5724',86,'denise@photobug.info','rachel94',3,'pbkdf2:sha256:50000$jpmYw84x$244fa92f4d3c429860cc9d3c16a3201e4f5d115316cd84ad9d70fffa226ba74e',1,'Kimberly Rodriguez','Manhattan Beach','Morbi a ipsum.','2018-04-28 00:00:00','2018-05-13 04:42:13',NULL),('11f8911359875d02f645c82be937bbbe',87,'tina@cogidoo.mil','janet83',3,'pbkdf2:sha256:50000$TNNeJ9tv$f5a435cb1086fc8ae599feb8035b94da965861e02022d2345f1d91e24d6f8f02',1,'Karen Ferguson','La Mesa','Suspendisse potenti.','2018-05-05 00:00:00','2018-05-13 04:42:13',NULL),('6e84ac1b4b1d55edf1f833420d0b7f4c',88,'anne@gevee.gov','sarah77',3,'pbkdf2:sha256:50000$mnZzVnlz$bf99f21e29b73e19f2c51e6db49c37256e660e835b5b28bbc3764820311a2d8f',1,'Melissa Brooks','San Juan Bautista','Duis consequat dui nec nisi volutpat eleifend.','2018-04-24 00:00:00','2018-05-13 04:42:14',NULL),('a1fd802582d76ede5b555680c2554791',89,'cynthia@janyx.com','robin66',3,'pbkdf2:sha256:50000$6H1T7P8a$e952f8a1f88d73503b048f55721446285180a818488bf0a0b8c72ac7fe8ca180',1,'Emily Hudson','Victorville','Morbi quis tortor id nulla ultrices aliquet.','2018-05-09 00:00:00','2018-05-13 04:42:14',NULL),('5d3c07213318a0d4a2d6a2035261c34b',90,'amanda@yadel.biz','annie77',3,'pbkdf2:sha256:50000$YmZrDlLp$c835bcf1d74a87b49c77eb162fbea171fcdd9c0dceecdbea5bee488a3522cec6',1,'Wanda Ford','Antioch','Pellentesque at nulla.','2018-04-28 00:00:00','2018-05-13 04:42:14',NULL),('99b7c0e8cac6627fdf96c48bcabcb8ad',91,'andrea@realcube.net','julia73',3,'pbkdf2:sha256:50000$OkMJoTfX$9cf0588751c6a7c2c5dfc8195978c289739d8cb75df24b1e76650608963a5573',1,'Marie Stone','West Covina','Phasellus sit amet erat.','2018-04-23 00:00:00','2018-05-13 04:42:15',NULL),('61fc66562cabbdc09ff57bd465558e4b',92,'catherine@skimia.mil','stephanie64',3,'pbkdf2:sha256:50000$wDjwBTbO$83cbfd4cd660d11e129493185ab5b39d184728f1637a119580fcc3a3953563ae',1,'Nicole Rice','Mendota','Maecenas leo odio, condimentum id, luctus nec, molestie sed, justo.','2018-05-12 00:00:00','2018-05-13 04:42:15',NULL),('59d674501c2221c49a28995cf69dc4f6',93,'catherine@youspan.gov','janice82',3,'pbkdf2:sha256:50000$TwqgTvoG$d2b88fe446531f4f40e883a9e8fafe1c61245155bea9cfc61094da8d0a10f16e',1,'Bonnie Jenkins','Williams','Integer pede justo, lacinia eget, tincidunt eget, tempus vel, pede.','2018-05-02 00:00:00','2018-05-13 04:42:15',NULL),('f01e05605d5b705bf68accfd81a11b7c',94,'sarah@voolith.com','tina89',3,'pbkdf2:sha256:50000$Fg1PHWGZ$d94b707ef30d7c4a8f993e71c8e5db25e239f8c772729172152ea946cf77d7fa',1,'Lois Andrews','National City','Morbi porttitor lorem id ligula.','2018-05-11 00:00:00','2018-05-13 04:42:16',NULL),('e6c9a6709e7408b3b05a79639df8b4f2',95,'kathryn@mudo.net','tammy94',3,'pbkdf2:sha256:50000$avxx3FLs$0e2bfd5e4102d31096a65336819329f55e29d70dbf09acce3ee9f34b3aec90ff',1,'Donna Reynolds','Ventura','Nunc rhoncus dui vel sem.','2018-05-12 00:00:00','2018-05-13 04:42:16',NULL),('f7df713780e3253f24c54a43b0a5ea1c',96,'kimberly@photofeed.org','mary88',3,'pbkdf2:sha256:50000$wVIdnMml$4e3284dcb6469f7b5d7affc7031a6845cbcf02f51bad24840600a1b9eb009a7a',1,'Virginia Martinez','Grand Terrace','Morbi sem mauris, laoreet ut, rhoncus aliquet, pulvinar sed, nisl.','2018-05-07 00:00:00','2018-05-13 04:42:16',NULL),('b4b2de83a9146657f5ba0cdb1b9b7e81',97,'rebecca@eayo.net','deborah84',3,'pbkdf2:sha256:50000$0oPkHDWY$e7e02875afd04244cee12b8c3d16dbc76f11a03ae9387b096073012447ec7b72',1,'Ann Green','Woodlake','Nulla nisl.','2018-05-04 00:00:00','2018-05-13 04:42:17',NULL),('81e7b98a8de31ddd201b9ac0c8c87d5b',98,'theresa@yakijo.com','sharon83',3,'pbkdf2:sha256:50000$zsZTgryJ$2fe0bf6ecea16e035ec7ae5ed5092b993e180d84b110f173ab527cfeb426f2ce',1,'Anna Larson','La Mesa','Maecenas rhoncus aliquam lacus.','2018-04-27 00:00:00','2018-05-13 04:42:17',NULL),('6025791d309579d33ab08a4f75cc23e6',99,'cynthia@podcat.gov','phyllis80',3,'pbkdf2:sha256:50000$ukXsshbj$989dd20e75a72b30b1c30010debf1f6a3cd9c85b943db1061471b792c63390d1',1,'Amanda Adams','Solana Beach','Duis bibendum.','2018-05-06 00:00:00','2018-05-13 04:42:17',NULL),(NULL,100,NULL,NULL,3,'pbkdf2:sha256:50000$hQjBJG9h$5fdec69945fbb34ad426768dc26e30045835d25f48d8961dc3b72c2a88cd9471',0,NULL,NULL,NULL,'2018-05-22 04:59:32','2018-05-22 04:59:32',NULL),(NULL,101,NULL,NULL,3,'pbkdf2:sha256:50000$EZ5z19hM$0a0eea0d78a76986cb32e22cc6e30d74f265aec1cfac0c3adbb413368e7da13d',0,NULL,NULL,NULL,'2018-05-22 04:59:32','2018-05-22 04:59:32',NULL),(NULL,102,NULL,NULL,3,'pbkdf2:sha256:50000$OgGW29rK$18026232c8ef24c997c3e2b854f7e5153c66cf81a7b0f082f1287cc2f7d7ec96',0,NULL,NULL,NULL,'2018-05-22 04:59:32','2018-05-22 04:59:32',NULL),(NULL,103,NULL,NULL,3,'pbkdf2:sha256:50000$sKaHVmAb$2660629f234f8260ea194842daeaa93f8bc1f5cdc5d072bc616b9cbc5ee60854',0,NULL,NULL,NULL,'2018-05-22 04:59:33','2018-05-22 04:59:33',NULL),(NULL,104,NULL,NULL,3,'pbkdf2:sha256:50000$7aHvHRJQ$4993b853b06568300224a7f80d3f4feef41f7776a0ebb662c7368075b4afe026',0,NULL,NULL,NULL,'2018-05-22 04:59:33','2018-05-22 04:59:33',NULL),('791214eb452bf4de30e957d65a0234d4',105,'mike@example.com',NULL,3,'pbkdf2:sha256:50000$BeXdS5mm$1d1b7af75e5fdd370b094155a2b1b811837c15b181cee673b5d2165cb4623c5a',0,NULL,NULL,NULL,'2018-05-22 04:59:34','2018-05-22 04:59:34',NULL),('228e87af11c4208beaa314532c303f20',106,'wm@163.com','wm',3,'pbkdf2:sha256:50000$526l2Y2V$728db3210c7dbe97bd0274bc48afc9e40c92d1430da539748b0deadda64ce4ff',1,NULL,NULL,NULL,'2018-05-24 13:14:14','2018-05-24 13:24:36',NULL),(NULL,108,NULL,NULL,3,'pbkdf2:sha256:50000$00R99lzB$f437081bef55e6fd9e8652c306aef15361c0992f090ba8adccdfd384b1461bf6',0,NULL,NULL,NULL,'2018-06-28 16:45:46','2018-06-28 16:45:46',NULL),('7441cd48eb8889d5066ccdb28edd5826',109,'995972493@qq.com','fjl2401',3,'pbkdf2:sha256:50000$Yv3rl10u$7859612d7de3ffdf386a46a920fdac77076e78e385206e535961de3877da3b35',1,NULL,NULL,NULL,'2018-06-28 16:55:53','2018-06-30 03:31:26','2018-06-30 03:31:07');
/*!40000 ALTER TABLE `users` ENABLE KEYS */;
UNLOCK TABLES;

--
-- Table structure for table `view_message`
--

DROP TABLE IF EXISTS `view_message`;
/*!40101 SET @saved_cs_client     = @@character_set_client */;
/*!40101 SET character_set_client = utf8 */;
CREATE TABLE `view_message` (
  `id` int(11) NOT NULL AUTO_INCREMENT,
  `url` varchar(64) DEFAULT NULL,
  `timestamp` datetime DEFAULT NULL,
  `referrer` text,
  `req_method` varchar(64) NOT NULL,
  `end_point` varchar(64) NOT NULL,
  `user_agent` varchar(255) DEFAULT NULL,
  `ip` varchar(16) DEFAULT NULL,
  PRIMARY KEY (`id`),
  KEY `ix_view_message_end_point` (`end_point`),
  KEY `ix_view_message_timestamp` (`timestamp`),
  KEY `ip` (`ip`),
  CONSTRAINT `view_message_ibfk_1` FOREIGN KEY (`ip`) REFERENCES `user_message` (`user_ip`)
) ENGINE=InnoDB AUTO_INCREMENT=446 DEFAULT CHARSET=utf8;
/*!40101 SET character_set_client = @saved_cs_client */;

--
-- Dumping data for table `view_message`
--

LOCK TABLES `view_message` WRITE;
/*!40000 ALTER TABLE `view_message` DISABLE KEYS */;
INSERT INTO `view_message` VALUES (1,'http://127.0.0.1:5000/','2018-08-12 07:19:28','','GET','main.index','Mozilla/5.0 (Macintosh; Intel Mac OS X 10_13_6) AppleWebKit/537.36 (KHTML, like Gecko) Chrome/68.0.3440.106 Safari/537.36','127.0.0.1'),(2,'http://127.0.0.1:5000/','2018-08-12 07:19:32','','GET','main.index','Mozilla/5.0 (Macintosh; Intel Mac OS X 10_13_6) AppleWebKit/537.36 (KHTML, like Gecko) Chrome/68.0.3440.106 Safari/537.36','127.0.0.1'),(3,'http://127.0.0.1:5000/post/103','2018-08-12 07:19:34','http://127.0.0.1:5000/','GET','main.post','Mozilla/5.0 (Macintosh; Intel Mac OS X 10_13_6) AppleWebKit/537.36 (KHTML, like Gecko) Chrome/68.0.3440.106 Safari/537.36','127.0.0.1'),(4,'http://127.0.0.1:5000/auth/login','2018-08-12 07:19:36','http://127.0.0.1:5000/post/103','GET','auth.login','Mozilla/5.0 (Macintosh; Intel Mac OS X 10_13_6) AppleWebKit/537.36 (KHTML, like Gecko) Chrome/68.0.3440.106 Safari/537.36','127.0.0.1'),(5,'http://127.0.0.1:5000/','2018-08-12 07:19:36','http://127.0.0.1:5000/auth/login','GET','main.index','Mozilla/5.0 (Macintosh; Intel Mac OS X 10_13_6) AppleWebKit/537.36 (KHTML, like Gecko) Chrome/68.0.3440.106 Safari/537.36','127.0.0.1'),(6,'http://127.0.0.1:5000/post/41','2018-08-12 07:19:38','http://127.0.0.1:5000/','GET','main.post','Mozilla/5.0 (Macintosh; Intel Mac OS X 10_13_6) AppleWebKit/537.36 (KHTML, like Gecko) Chrome/68.0.3440.106 Safari/537.36','127.0.0.1'),(7,'http://127.0.0.1:5000/','2018-08-12 07:19:40','http://127.0.0.1:5000/post/41','GET','main.index','Mozilla/5.0 (Macintosh; Intel Mac OS X 10_13_6) AppleWebKit/537.36 (KHTML, like Gecko) Chrome/68.0.3440.106 Safari/537.36','127.0.0.1'),(8,'http://127.0.0.1:5000/post/45','2018-08-12 07:19:41','http://127.0.0.1:5000/','GET','main.post','Mozilla/5.0 (Macintosh; Intel Mac OS X 10_13_6) AppleWebKit/537.36 (KHTML, like Gecko) Chrome/68.0.3440.106 Safari/537.36','127.0.0.1'),(9,'http://127.0.0.1:5000/post/45','2018-08-12 07:25:57','http://127.0.0.1:5000/','GET','main.post','Mozilla/5.0 (Macintosh; Intel Mac OS X 10_13_6) AppleWebKit/537.36 (KHTML, like Gecko) Chrome/68.0.3440.106 Safari/537.36','127.0.0.1'),(10,'http://127.0.0.1:5000/','2018-08-12 07:26:07','http://127.0.0.1:5000/post/45','GET','main.index','Mozilla/5.0 (Macintosh; Intel Mac OS X 10_13_6) AppleWebKit/537.36 (KHTML, like Gecko) Chrome/68.0.3440.106 Safari/537.36','127.0.0.1'),(11,'http://127.0.0.1:5000/auth/login','2018-08-12 07:26:07','http://127.0.0.1:5000/','GET','auth.login','Mozilla/5.0 (Macintosh; Intel Mac OS X 10_13_6) AppleWebKit/537.36 (KHTML, like Gecko) Chrome/68.0.3440.106 Safari/537.36','127.0.0.1'),(12,'http://127.0.0.1:5000/','2018-08-12 07:26:11','http://127.0.0.1:5000/auth/login','GET','main.index','Mozilla/5.0 (Macintosh; Intel Mac OS X 10_13_6) AppleWebKit/537.36 (KHTML, like Gecko) Chrome/68.0.3440.106 Safari/537.36','127.0.0.1'),(13,'http://127.0.0.1:5000/post/41','2018-08-12 07:26:13','http://127.0.0.1:5000/','GET','main.post','Mozilla/5.0 (Macintosh; Intel Mac OS X 10_13_6) AppleWebKit/537.36 (KHTML, like Gecko) Chrome/68.0.3440.106 Safari/537.36','127.0.0.1'),(14,'http://127.0.0.1:5000/post/41','2018-08-12 07:27:14','http://127.0.0.1:5000/','GET','main.post','Mozilla/5.0 (Macintosh; Intel Mac OS X 10_13_6) AppleWebKit/537.36 (KHTML, like Gecko) Chrome/68.0.3440.106 Safari/537.36','127.0.0.1'),(15,'http://127.0.0.1:5000/post/41','2018-08-12 07:27:46','http://127.0.0.1:5000/','GET','main.post','Mozilla/5.0 (Macintosh; Intel Mac OS X 10_13_6) AppleWebKit/537.36 (KHTML, like Gecko) Chrome/68.0.3440.106 Safari/537.36','127.0.0.1'),(16,'http://127.0.0.1:5000/post/41','2018-08-12 07:27:49','http://127.0.0.1:5000/','GET','main.post','Mozilla/5.0 (Macintosh; Intel Mac OS X 10_13_6) AppleWebKit/537.36 (KHTML, like Gecko) Chrome/68.0.3440.106 Safari/537.36','127.0.0.1'),(17,'http://127.0.0.1:5000/post/41','2018-08-12 07:28:10','http://127.0.0.1:5000/','GET','main.post','Mozilla/5.0 (Macintosh; Intel Mac OS X 10_13_6) AppleWebKit/537.36 (KHTML, like Gecko) Chrome/68.0.3440.106 Safari/537.36','127.0.0.1'),(18,'http://127.0.0.1:5000/','2018-08-12 07:28:29','http://127.0.0.1:5000/post/41','GET','main.index','Mozilla/5.0 (Macintosh; Intel Mac OS X 10_13_6) AppleWebKit/537.36 (KHTML, like Gecko) Chrome/68.0.3440.106 Safari/537.36','127.0.0.1'),(19,'http://127.0.0.1:5000/','2018-08-12 07:39:11','http://127.0.0.1:5000/post/41','GET','main.index','Mozilla/5.0 (Macintosh; Intel Mac OS X 10_13_6) AppleWebKit/537.36 (KHTML, like Gecko) Chrome/68.0.3440.106 Safari/537.36','127.0.0.1'),(20,'http://127.0.0.1:5000/','2018-08-12 07:39:32','http://127.0.0.1:5000/post/41','GET','main.index','Mozilla/5.0 (Macintosh; Intel Mac OS X 10_13_6) AppleWebKit/537.36 (KHTML, like Gecko) Chrome/68.0.3440.106 Safari/537.36','127.0.0.1'),(21,'http://127.0.0.1:5000/','2018-08-12 07:40:10','http://127.0.0.1:5000/post/41','GET','main.index','Mozilla/5.0 (Macintosh; Intel Mac OS X 10_13_6) AppleWebKit/537.36 (KHTML, like Gecko) Chrome/68.0.3440.106 Safari/537.36','127.0.0.1'),(22,'http://127.0.0.1:5000/','2018-08-12 07:40:23','http://127.0.0.1:5000/post/41','GET','main.index','Mozilla/5.0 (Macintosh; Intel Mac OS X 10_13_6) AppleWebKit/537.36 (KHTML, like Gecko) Chrome/68.0.3440.106 Safari/537.36','127.0.0.1'),(23,'http://127.0.0.1:5000/','2018-08-12 07:49:44','','GET','main.index','Mozilla/5.0 (Macintosh; Intel Mac OS X 10_13_6) AppleWebKit/537.36 (KHTML, like Gecko) Chrome/68.0.3440.106 Safari/537.36','127.0.0.1'),(24,'http://127.0.0.1:5000/','2018-08-12 08:04:33','','GET','main.index','Mozilla/5.0 (Macintosh; Intel Mac OS X 10_13_6) AppleWebKit/537.36 (KHTML, like Gecko) Chrome/68.0.3440.106 Safari/537.36','127.0.0.1'),(25,'http://127.0.0.1:5000/','2018-08-12 08:05:04','','GET','main.index','Mozilla/5.0 (Macintosh; Intel Mac OS X 10_13_6) AppleWebKit/537.36 (KHTML, like Gecko) Chrome/68.0.3440.106 Safari/537.36','127.0.0.1'),(26,'http://127.0.0.1:5000/','2018-08-12 08:05:14','','GET','main.index','Mozilla/5.0 (Macintosh; Intel Mac OS X 10_13_6) AppleWebKit/537.36 (KHTML, like Gecko) Chrome/68.0.3440.106 Safari/537.36','127.0.0.1'),(27,'http://127.0.0.1:5000/','2018-08-12 08:05:16','','GET','main.index','Mozilla/5.0 (Macintosh; Intel Mac OS X 10_13_6) AppleWebKit/537.36 (KHTML, like Gecko) Chrome/68.0.3440.106 Safari/537.36','127.0.0.1'),(28,'http://127.0.0.1:5000/','2018-08-12 08:05:30','','GET','main.index','Mozilla/5.0 (Macintosh; Intel Mac OS X 10_13_6) AppleWebKit/537.36 (KHTML, like Gecko) Chrome/68.0.3440.106 Safari/537.36','127.0.0.1'),(29,'http://127.0.0.1:5000/','2018-08-12 08:05:31','','GET','main.index','Mozilla/5.0 (Macintosh; Intel Mac OS X 10_13_6) AppleWebKit/537.36 (KHTML, like Gecko) Chrome/68.0.3440.106 Safari/537.36','127.0.0.1'),(30,'http://127.0.0.1:5000/','2018-08-12 08:05:49','','GET','main.index','Mozilla/5.0 (Macintosh; Intel Mac OS X 10_13_6) AppleWebKit/537.36 (KHTML, like Gecko) Chrome/68.0.3440.106 Safari/537.36','127.0.0.1'),(31,'http://127.0.0.1:5000/post/103','2018-08-12 08:06:20','','GET','main.post','Mozilla/5.0 (Macintosh; Intel Mac OS X 10_13_6) AppleWebKit/537.36 (KHTML, like Gecko) Chrome/68.0.3440.106 Safari/537.36','127.0.0.1'),(32,'http://127.0.0.1:5000/','2018-08-12 08:06:23','http://127.0.0.1:5000/post/103','GET','main.index','Mozilla/5.0 (Macintosh; Intel Mac OS X 10_13_6) AppleWebKit/537.36 (KHTML, like Gecko) Chrome/68.0.3440.106 Safari/537.36','127.0.0.1'),(33,'http://127.0.0.1:5000/post/103','2018-08-12 08:06:24','http://127.0.0.1:5000/','GET','main.post','Mozilla/5.0 (Macintosh; Intel Mac OS X 10_13_6) AppleWebKit/537.36 (KHTML, like Gecko) Chrome/68.0.3440.106 Safari/537.36','127.0.0.1'),(34,'http://127.0.0.1:5000/','2018-08-12 08:06:26','http://127.0.0.1:5000/post/103','GET','main.index','Mozilla/5.0 (Macintosh; Intel Mac OS X 10_13_6) AppleWebKit/537.36 (KHTML, like Gecko) Chrome/68.0.3440.106 Safari/537.36','127.0.0.1'),(35,'http://127.0.0.1:5000/post/19','2018-08-12 08:06:28','http://127.0.0.1:5000/','GET','main.post','Mozilla/5.0 (Macintosh; Intel Mac OS X 10_13_6) AppleWebKit/537.36 (KHTML, like Gecko) Chrome/68.0.3440.106 Safari/537.36','127.0.0.1'),(36,'http://127.0.0.1:5000/','2018-08-12 08:08:12','','GET','main.index','Mozilla/5.0 (Macintosh; Intel Mac OS X 10_13_6) AppleWebKit/537.36 (KHTML, like Gecko) Chrome/68.0.3440.106 Safari/537.36','127.0.0.1'),(37,'http://127.0.0.1:5000/','2018-08-12 08:09:42','','GET','main.index','Mozilla/5.0 (Macintosh; Intel Mac OS X 10_13_6) AppleWebKit/537.36 (KHTML, like Gecko) Chrome/68.0.3440.106 Safari/537.36','127.0.0.1'),(38,'http://127.0.0.1:5000/','2018-08-12 08:09:45','','GET','main.index','Mozilla/5.0 (Macintosh; Intel Mac OS X 10_13_6) AppleWebKit/537.36 (KHTML, like Gecko) Chrome/68.0.3440.106 Safari/537.36','127.0.0.1'),(39,'http://127.0.0.1:5000/','2018-08-12 08:20:06','','GET','main.index','Mozilla/5.0 (Macintosh; Intel Mac OS X 10_13_6) AppleWebKit/537.36 (KHTML, like Gecko) Chrome/68.0.3440.106 Safari/537.36','127.0.0.1'),(40,'http://127.0.0.1:5000/','2018-08-12 08:23:23','','GET','main.index','Mozilla/5.0 (Macintosh; Intel Mac OS X 10_13_6) AppleWebKit/537.36 (KHTML, like Gecko) Chrome/68.0.3440.106 Safari/537.36','127.0.0.1'),(41,'http://127.0.0.1:5000/','2018-08-12 08:23:28','http://127.0.0.1:5000/','GET','main.index','Mozilla/5.0 (Macintosh; Intel Mac OS X 10_13_6) AppleWebKit/537.36 (KHTML, like Gecko) Chrome/68.0.3440.106 Safari/537.36','127.0.0.1'),(42,'http://127.0.0.1:5000/','2018-08-12 08:23:44','http://127.0.0.1:5000/','GET','main.index','Mozilla/5.0 (Macintosh; Intel Mac OS X 10_13_6) AppleWebKit/537.36 (KHTML, like Gecko) Chrome/68.0.3440.106 Safari/537.36','127.0.0.1'),(43,'http://127.0.0.1:5000/','2018-08-12 08:26:23','http://127.0.0.1:5000/','GET','main.index','Mozilla/5.0 (Macintosh; Intel Mac OS X 10_13_6) AppleWebKit/537.36 (KHTML, like Gecko) Chrome/68.0.3440.106 Safari/537.36','127.0.0.1'),(44,'http://127.0.0.1:5000/?page=20','2018-08-12 08:26:27','http://127.0.0.1:5000/','GET','main.index','Mozilla/5.0 (Macintosh; Intel Mac OS X 10_13_6) AppleWebKit/537.36 (KHTML, like Gecko) Chrome/68.0.3440.106 Safari/537.36','127.0.0.1'),(45,'http://127.0.0.1:5000/?page=21','2018-08-12 08:26:28','http://127.0.0.1:5000/?page=20','GET','main.index','Mozilla/5.0 (Macintosh; Intel Mac OS X 10_13_6) AppleWebKit/537.36 (KHTML, like Gecko) Chrome/68.0.3440.106 Safari/537.36','127.0.0.1'),(46,'http://127.0.0.1:5000/?page=1','2018-08-12 08:26:30','http://127.0.0.1:5000/?page=21','GET','main.index','Mozilla/5.0 (Macintosh; Intel Mac OS X 10_13_6) AppleWebKit/537.36 (KHTML, like Gecko) Chrome/68.0.3440.106 Safari/537.36','127.0.0.1'),(47,'http://127.0.0.1:5000/all','2018-08-12 08:26:32','http://127.0.0.1:5000/?page=1','GET','main.show_all','Mozilla/5.0 (Macintosh; Intel Mac OS X 10_13_6) AppleWebKit/537.36 (KHTML, like Gecko) Chrome/68.0.3440.106 Safari/537.36','127.0.0.1'),(48,'http://127.0.0.1:5000/auth/login?next=%2Fall','2018-08-12 08:26:32','http://127.0.0.1:5000/?page=1','GET','auth.login','Mozilla/5.0 (Macintosh; Intel Mac OS X 10_13_6) AppleWebKit/537.36 (KHTML, like Gecko) Chrome/68.0.3440.106 Safari/537.36','127.0.0.1'),(49,'http://127.0.0.1:5000/auth/login?next=%2Fall','2018-08-12 08:26:33','http://127.0.0.1:5000/auth/login?next=%2Fall','POST','auth.login','Mozilla/5.0 (Macintosh; Intel Mac OS X 10_13_6) AppleWebKit/537.36 (KHTML, like Gecko) Chrome/68.0.3440.106 Safari/537.36','127.0.0.1'),(50,'http://127.0.0.1:5000/all','2018-08-12 08:26:33','http://127.0.0.1:5000/auth/login?next=%2Fall','GET','main.show_all','Mozilla/5.0 (Macintosh; Intel Mac OS X 10_13_6) AppleWebKit/537.36 (KHTML, like Gecko) Chrome/68.0.3440.106 Safari/537.36','127.0.0.1'),(51,'http://127.0.0.1:5000/','2018-08-12 08:26:33','http://127.0.0.1:5000/auth/login?next=%2Fall','GET','main.index','Mozilla/5.0 (Macintosh; Intel Mac OS X 10_13_6) AppleWebKit/537.36 (KHTML, like Gecko) Chrome/68.0.3440.106 Safari/537.36','127.0.0.1'),(52,'http://127.0.0.1:5000/post/103','2018-08-12 08:26:36','http://127.0.0.1:5000/','GET','main.post','Mozilla/5.0 (Macintosh; Intel Mac OS X 10_13_6) AppleWebKit/537.36 (KHTML, like Gecko) Chrome/68.0.3440.106 Safari/537.36','127.0.0.1'),(53,'http://127.0.0.1:5000/user/Icecola','2018-08-12 08:26:39','http://127.0.0.1:5000/post/103','GET','main.user','Mozilla/5.0 (Macintosh; Intel Mac OS X 10_13_6) AppleWebKit/537.36 (KHTML, like Gecko) Chrome/68.0.3440.106 Safari/537.36','127.0.0.1'),(54,'http://127.0.0.1:5000/messages','2018-08-12 08:26:39','http://127.0.0.1:5000/user/Icecola','GET','main.messages','Mozilla/5.0 (Macintosh; Intel Mac OS X 10_13_6) AppleWebKit/537.36 (KHTML, like Gecko) Chrome/68.0.3440.106 Safari/537.36','127.0.0.1'),(55,'http://127.0.0.1:5000/messages','2018-08-12 08:26:40','http://127.0.0.1:5000/messages','GET','main.messages','Mozilla/5.0 (Macintosh; Intel Mac OS X 10_13_6) AppleWebKit/537.36 (KHTML, like Gecko) Chrome/68.0.3440.106 Safari/537.36','127.0.0.1'),(56,'http://127.0.0.1:5000/moderate','2018-08-12 08:26:41','http://127.0.0.1:5000/messages','GET','main.moderate','Mozilla/5.0 (Macintosh; Intel Mac OS X 10_13_6) AppleWebKit/537.36 (KHTML, like Gecko) Chrome/68.0.3440.106 Safari/537.36','127.0.0.1'),(57,'http://127.0.0.1:5000/export_posts','2018-08-12 08:26:42','http://127.0.0.1:5000/moderate','GET','main.export_posts','Mozilla/5.0 (Macintosh; Intel Mac OS X 10_13_6) AppleWebKit/537.36 (KHTML, like Gecko) Chrome/68.0.3440.106 Safari/537.36','127.0.0.1'),(58,'http://127.0.0.1:5000/moderate','2018-08-12 08:26:45','http://127.0.0.1:5000/moderate','GET','main.moderate','Mozilla/5.0 (Macintosh; Intel Mac OS X 10_13_6) AppleWebKit/537.36 (KHTML, like Gecko) Chrome/68.0.3440.106 Safari/537.36','127.0.0.1'),(59,'http://127.0.0.1:5000/export_posts','2018-08-12 08:26:46','http://127.0.0.1:5000/moderate','GET','main.export_posts','Mozilla/5.0 (Macintosh; Intel Mac OS X 10_13_6) AppleWebKit/537.36 (KHTML, like Gecko) Chrome/68.0.3440.106 Safari/537.36','127.0.0.1'),(60,'http://127.0.0.1:5000/export_posts','2018-08-12 08:27:23','http://127.0.0.1:5000/moderate','GET','main.export_posts','Mozilla/5.0 (Macintosh; Intel Mac OS X 10_13_6) AppleWebKit/537.36 (KHTML, like Gecko) Chrome/68.0.3440.106 Safari/537.36','127.0.0.1'),(61,'http://127.0.0.1:5000/export_posts','2018-08-12 08:27:26','http://127.0.0.1:5000/moderate','GET','main.export_posts','Mozilla/5.0 (Macintosh; Intel Mac OS X 10_13_6) AppleWebKit/537.36 (KHTML, like Gecko) Chrome/68.0.3440.106 Safari/537.36','127.0.0.1'),(62,'http://127.0.0.1:5000/user/Icecola','2018-08-12 08:27:26','http://127.0.0.1:5000/moderate','GET','main.user','Mozilla/5.0 (Macintosh; Intel Mac OS X 10_13_6) AppleWebKit/537.36 (KHTML, like Gecko) Chrome/68.0.3440.106 Safari/537.36','127.0.0.1'),(63,'http://127.0.0.1:5000/user/Icecola','2018-08-12 08:28:44','http://127.0.0.1:5000/moderate','GET','main.user','Mozilla/5.0 (Macintosh; Intel Mac OS X 10_13_6) AppleWebKit/537.36 (KHTML, like Gecko) Chrome/68.0.3440.106 Safari/537.36','127.0.0.1'),(64,'http://127.0.0.1:5000/export_posts','2018-08-12 08:28:49','http://127.0.0.1:5000/user/Icecola','GET','main.export_posts','Mozilla/5.0 (Macintosh; Intel Mac OS X 10_13_6) AppleWebKit/537.36 (KHTML, like Gecko) Chrome/68.0.3440.106 Safari/537.36','127.0.0.1'),(65,'http://127.0.0.1:5000/user/Icecola','2018-08-12 08:28:49','http://127.0.0.1:5000/user/Icecola','GET','main.user','Mozilla/5.0 (Macintosh; Intel Mac OS X 10_13_6) AppleWebKit/537.36 (KHTML, like Gecko) Chrome/68.0.3440.106 Safari/537.36','127.0.0.1'),(66,'http://127.0.0.1:5000/user/Icecola','2018-08-12 08:29:00','http://127.0.0.1:5000/user/Icecola','GET','main.user','Mozilla/5.0 (Macintosh; Intel Mac OS X 10_13_6) AppleWebKit/537.36 (KHTML, like Gecko) Chrome/68.0.3440.106 Safari/537.36','127.0.0.1'),(67,'http://127.0.0.1:5000/moderate','2018-08-12 08:29:01','http://127.0.0.1:5000/user/Icecola','GET','main.moderate','Mozilla/5.0 (Macintosh; Intel Mac OS X 10_13_6) AppleWebKit/537.36 (KHTML, like Gecko) Chrome/68.0.3440.106 Safari/537.36','127.0.0.1'),(68,'http://127.0.0.1:5000/export_posts','2018-08-12 08:29:02','http://127.0.0.1:5000/moderate','GET','main.export_posts','Mozilla/5.0 (Macintosh; Intel Mac OS X 10_13_6) AppleWebKit/537.36 (KHTML, like Gecko) Chrome/68.0.3440.106 Safari/537.36','127.0.0.1'),(69,'http://127.0.0.1:5000/user/Icecola','2018-08-12 08:29:02','http://127.0.0.1:5000/moderate','GET','main.user','Mozilla/5.0 (Macintosh; Intel Mac OS X 10_13_6) AppleWebKit/537.36 (KHTML, like Gecko) Chrome/68.0.3440.106 Safari/537.36','127.0.0.1'),(70,'http://127.0.0.1:5000/user/Icecola','2018-08-12 08:29:53','http://127.0.0.1:5000/moderate','GET','main.user','Mozilla/5.0 (Macintosh; Intel Mac OS X 10_13_6) AppleWebKit/537.36 (KHTML, like Gecko) Chrome/68.0.3440.106 Safari/537.36','127.0.0.1'),(71,'http://127.0.0.1:5000/user/Icecola','2018-08-12 08:30:06','http://127.0.0.1:5000/user/Icecola','GET','main.user','Mozilla/5.0 (Macintosh; Intel Mac OS X 10_13_6) AppleWebKit/537.36 (KHTML, like Gecko) Chrome/68.0.3440.106 Safari/537.36','127.0.0.1'),(72,'http://127.0.0.1:5000/user/Icecola','2018-08-12 08:30:07','http://127.0.0.1:5000/user/Icecola','GET','main.user','Mozilla/5.0 (Macintosh; Intel Mac OS X 10_13_6) AppleWebKit/537.36 (KHTML, like Gecko) Chrome/68.0.3440.106 Safari/537.36','127.0.0.1'),(73,'http://127.0.0.1:5000/post-article','2018-08-12 08:30:07','http://127.0.0.1:5000/user/Icecola','GET','main.post_article','Mozilla/5.0 (Macintosh; Intel Mac OS X 10_13_6) AppleWebKit/537.36 (KHTML, like Gecko) Chrome/68.0.3440.106 Safari/537.36','127.0.0.1'),(74,'http://127.0.0.1:5000/messages','2018-08-12 08:30:08','http://127.0.0.1:5000/post-article','GET','main.messages','Mozilla/5.0 (Macintosh; Intel Mac OS X 10_13_6) AppleWebKit/537.36 (KHTML, like Gecko) Chrome/68.0.3440.106 Safari/537.36','127.0.0.1'),(75,'http://127.0.0.1:5000/','2018-08-12 08:30:10','http://127.0.0.1:5000/messages','GET','main.index','Mozilla/5.0 (Macintosh; Intel Mac OS X 10_13_6) AppleWebKit/537.36 (KHTML, like Gecko) Chrome/68.0.3440.106 Safari/537.36','127.0.0.1'),(76,'http://127.0.0.1:5000/?page=3','2018-08-12 08:30:13','http://127.0.0.1:5000/','GET','main.index','Mozilla/5.0 (Macintosh; Intel Mac OS X 10_13_6) AppleWebKit/537.36 (KHTML, like Gecko) Chrome/68.0.3440.106 Safari/537.36','127.0.0.1'),(77,'http://127.0.0.1:5000/','2018-08-12 08:44:26','','GET','main.index','Mozilla/5.0 (Macintosh; Intel Mac OS X 10_13_6) AppleWebKit/537.36 (KHTML, like Gecko) Chrome/68.0.3440.106 Safari/537.36','127.0.0.1'),(78,'http://127.0.0.1:5000/','2018-08-12 08:45:04','','GET','main.index','Mozilla/5.0 (Macintosh; Intel Mac OS X 10_13_6) AppleWebKit/537.36 (KHTML, like Gecko) Chrome/68.0.3440.106 Safari/537.36','127.0.0.1'),(79,'http://127.0.0.1:5000/','2018-08-12 10:55:32','','GET','main.index','Mozilla/5.0 (Macintosh; Intel Mac OS X 10_13_6) AppleWebKit/537.36 (KHTML, like Gecko) Chrome/68.0.3440.106 Safari/537.36','127.0.0.1'),(80,'http://127.0.0.1:5000/','2018-08-12 10:56:20','','GET','main.index','Mozilla/5.0 (Macintosh; Intel Mac OS X 10_13_6) AppleWebKit/537.36 (KHTML, like Gecko) Chrome/68.0.3440.106 Safari/537.36','127.0.0.1'),(81,'http://127.0.0.1:5000/','2018-08-12 10:56:57','','GET','main.index','Mozilla/5.0 (Macintosh; Intel Mac OS X 10_13_6) AppleWebKit/537.36 (KHTML, like Gecko) Chrome/68.0.3440.106 Safari/537.36','127.0.0.1'),(82,'http://127.0.0.1:5000/post/103','2018-08-12 10:57:02','http://127.0.0.1:5000/','GET','main.post','Mozilla/5.0 (Macintosh; Intel Mac OS X 10_13_6) AppleWebKit/537.36 (KHTML, like Gecko) Chrome/68.0.3440.106 Safari/537.36','127.0.0.1'),(83,'http://127.0.0.1:5000/post/103','2018-08-12 10:58:56','http://127.0.0.1:5000/','GET','main.post','Mozilla/5.0 (Macintosh; Intel Mac OS X 10_13_6) AppleWebKit/537.36 (KHTML, like Gecko) Chrome/68.0.3440.106 Safari/537.36','127.0.0.1'),(84,'http://127.0.0.1:5000/user/Icecola','2018-08-12 11:46:59','','GET','main.user','Mozilla/5.0 (Macintosh; Intel Mac OS X 10_13_6) AppleWebKit/537.36 (KHTML, like Gecko) Chrome/68.0.3440.106 Safari/537.36','127.0.0.1'),(85,'http://127.0.0.1:5000/user/Icecolawqewqe','2018-08-12 11:47:03','','GET','main.user','Mozilla/5.0 (Macintosh; Intel Mac OS X 10_13_6) AppleWebKit/537.36 (KHTML, like Gecko) Chrome/68.0.3440.106 Safari/537.36','127.0.0.1'),(86,'http://127.0.0.1:5000/user/Icecolawqewqe','2018-08-12 11:48:08','','GET','main.user','Mozilla/5.0 (Macintosh; Intel Mac OS X 10_13_6) AppleWebKit/537.36 (KHTML, like Gecko) Chrome/68.0.3440.106 Safari/537.36','127.0.0.1'),(87,'http://127.0.0.1:5000/user/Icecolawqewqe','2018-08-12 11:51:53','','GET','main.user','Mozilla/5.0 (Macintosh; Intel Mac OS X 10_13_6) AppleWebKit/537.36 (KHTML, like Gecko) Chrome/68.0.3440.106 Safari/537.36','127.0.0.1'),(88,'http://127.0.0.1:5000/user/Icecolawqewqe','2018-08-12 11:52:13','','GET','main.user','Mozilla/5.0 (Macintosh; Intel Mac OS X 10_13_6) AppleWebKit/537.36 (KHTML, like Gecko) Chrome/68.0.3440.106 Safari/537.36','127.0.0.1'),(89,'http://127.0.0.1:5000/user/Icecolawqewqe','2018-08-12 11:52:16','','GET','main.user','Mozilla/5.0 (Macintosh; Intel Mac OS X 10_13_6) AppleWebKit/537.36 (KHTML, like Gecko) Chrome/68.0.3440.106 Safari/537.36','127.0.0.1'),(90,'http://127.0.0.1:5000/user/Icecolawqewqe','2018-08-12 11:52:20','','GET','main.user','Mozilla/5.0 (Macintosh; Intel Mac OS X 10_13_6) AppleWebKit/537.36 (KHTML, like Gecko) Chrome/68.0.3440.106 Safari/537.36','127.0.0.1'),(91,'http://127.0.0.1:5000/','2018-08-12 11:52:20','http://127.0.0.1:5000/user/Icecolawqewqe','GET','main.index','Mozilla/5.0 (Macintosh; Intel Mac OS X 10_13_6) AppleWebKit/537.36 (KHTML, like Gecko) Chrome/68.0.3440.106 Safari/537.36','127.0.0.1'),(92,'http://127.0.0.1:5000/user/Icecola','2018-08-12 11:52:21','http://127.0.0.1:5000/','GET','main.user','Mozilla/5.0 (Macintosh; Intel Mac OS X 10_13_6) AppleWebKit/537.36 (KHTML, like Gecko) Chrome/68.0.3440.106 Safari/537.36','127.0.0.1'),(93,'http://127.0.0.1:5000/post-article','2018-08-12 11:52:22','http://127.0.0.1:5000/user/Icecola','GET','main.post_article','Mozilla/5.0 (Macintosh; Intel Mac OS X 10_13_6) AppleWebKit/537.36 (KHTML, like Gecko) Chrome/68.0.3440.106 Safari/537.36','127.0.0.1'),(94,'http://127.0.0.1:5000/messages','2018-08-12 11:52:22','http://127.0.0.1:5000/post-article','GET','main.messages','Mozilla/5.0 (Macintosh; Intel Mac OS X 10_13_6) AppleWebKit/537.36 (KHTML, like Gecko) Chrome/68.0.3440.106 Safari/537.36','127.0.0.1'),(95,'http://127.0.0.1:5000/messages','2018-08-12 11:53:13','http://127.0.0.1:5000/post-article','GET','main.messages','Mozilla/5.0 (Macintosh; Intel Mac OS X 10_13_6) AppleWebKit/537.36 (KHTML, like Gecko) Chrome/68.0.3440.106 Safari/537.36','127.0.0.1'),(96,'http://127.0.0.1:5000/post-article','2018-08-12 11:53:21','http://127.0.0.1:5000/user/Icecola','GET','main.post_article','Mozilla/5.0 (Macintosh; Intel Mac OS X 10_13_6) AppleWebKit/537.36 (KHTML, like Gecko) Chrome/68.0.3440.106 Safari/537.36','127.0.0.1'),(97,'http://127.0.0.1:5000/moderate','2018-08-12 11:53:22','http://127.0.0.1:5000/post-article','GET','main.moderate','Mozilla/5.0 (Macintosh; Intel Mac OS X 10_13_6) AppleWebKit/537.36 (KHTML, like Gecko) Chrome/68.0.3440.106 Safari/537.36','127.0.0.1'),(98,'http://127.0.0.1:5000/export_posts','2018-08-12 11:53:23','http://127.0.0.1:5000/moderate','GET','main.export_posts','Mozilla/5.0 (Macintosh; Intel Mac OS X 10_13_6) AppleWebKit/537.36 (KHTML, like Gecko) Chrome/68.0.3440.106 Safari/537.36','127.0.0.1'),(99,'http://127.0.0.1:5000/user/Icecola','2018-08-12 11:53:23','http://127.0.0.1:5000/moderate','GET','main.user','Mozilla/5.0 (Macintosh; Intel Mac OS X 10_13_6) AppleWebKit/537.36 (KHTML, like Gecko) Chrome/68.0.3440.106 Safari/537.36','127.0.0.1'),(100,'http://127.0.0.1:5000/auth/logout','2018-08-12 11:53:24','http://127.0.0.1:5000/user/Icecola','GET','auth.logout','Mozilla/5.0 (Macintosh; Intel Mac OS X 10_13_6) AppleWebKit/537.36 (KHTML, like Gecko) Chrome/68.0.3440.106 Safari/537.36','127.0.0.1'),(101,'http://127.0.0.1:5000/','2018-08-12 11:53:24','http://127.0.0.1:5000/user/Icecola','GET','main.index','Mozilla/5.0 (Macintosh; Intel Mac OS X 10_13_6) AppleWebKit/537.36 (KHTML, like Gecko) Chrome/68.0.3440.106 Safari/537.36','127.0.0.1'),(102,'http://127.0.0.1:5000/auth/login','2018-08-12 11:53:25','http://127.0.0.1:5000/','GET','auth.login','Mozilla/5.0 (Macintosh; Intel Mac OS X 10_13_6) AppleWebKit/537.36 (KHTML, like Gecko) Chrome/68.0.3440.106 Safari/537.36','127.0.0.1'),(103,'http://127.0.0.1:5000/','2018-08-12 11:53:26','http://127.0.0.1:5000/auth/login','GET','main.index','Mozilla/5.0 (Macintosh; Intel Mac OS X 10_13_6) AppleWebKit/537.36 (KHTML, like Gecko) Chrome/68.0.3440.106 Safari/537.36','127.0.0.1'),(104,'http://127.0.0.1:5000/all','2018-08-12 11:53:28','http://127.0.0.1:5000/','GET','main.show_all','Mozilla/5.0 (Macintosh; Intel Mac OS X 10_13_6) AppleWebKit/537.36 (KHTML, like Gecko) Chrome/68.0.3440.106 Safari/537.36','127.0.0.1'),(105,'http://127.0.0.1:5000/auth/login?next=%2Fall','2018-08-12 11:53:28','http://127.0.0.1:5000/','GET','auth.login','Mozilla/5.0 (Macintosh; Intel Mac OS X 10_13_6) AppleWebKit/537.36 (KHTML, like Gecko) Chrome/68.0.3440.106 Safari/537.36','127.0.0.1'),(106,'http://127.0.0.1:5000/auth/login','2018-08-12 11:53:29','http://127.0.0.1:5000/auth/login?next=%2Fall','GET','auth.login','Mozilla/5.0 (Macintosh; Intel Mac OS X 10_13_6) AppleWebKit/537.36 (KHTML, like Gecko) Chrome/68.0.3440.106 Safari/537.36','127.0.0.1'),(107,'http://127.0.0.1:5000/','2018-08-12 11:53:29','http://127.0.0.1:5000/auth/login','GET','main.index','Mozilla/5.0 (Macintosh; Intel Mac OS X 10_13_6) AppleWebKit/537.36 (KHTML, like Gecko) Chrome/68.0.3440.106 Safari/537.36','127.0.0.1'),(108,'http://127.0.0.1:5000/','2018-08-12 11:53:31','http://127.0.0.1:5000/','GET','main.index','Mozilla/5.0 (Macintosh; Intel Mac OS X 10_13_6) AppleWebKit/537.36 (KHTML, like Gecko) Chrome/68.0.3440.106 Safari/537.36','127.0.0.1'),(109,'http://127.0.0.1:5000/all','2018-08-12 11:53:33','http://127.0.0.1:5000/?','GET','main.show_all','Mozilla/5.0 (Macintosh; Intel Mac OS X 10_13_6) AppleWebKit/537.36 (KHTML, like Gecko) Chrome/68.0.3440.106 Safari/537.36','127.0.0.1'),(110,'http://127.0.0.1:5000/auth/login?next=%2Fall','2018-08-12 11:53:33','http://127.0.0.1:5000/?','GET','auth.login','Mozilla/5.0 (Macintosh; Intel Mac OS X 10_13_6) AppleWebKit/537.36 (KHTML, like Gecko) Chrome/68.0.3440.106 Safari/537.36','127.0.0.1'),(111,'http://127.0.0.1:5000/auth/login?next=%2Fall','2018-08-12 11:53:35','http://127.0.0.1:5000/auth/login?next=%2Fall','POST','auth.login','Mozilla/5.0 (Macintosh; Intel Mac OS X 10_13_6) AppleWebKit/537.36 (KHTML, like Gecko) Chrome/68.0.3440.106 Safari/537.36','127.0.0.1'),(112,'http://127.0.0.1:5000/all','2018-08-12 11:53:35','http://127.0.0.1:5000/auth/login?next=%2Fall','GET','main.show_all','Mozilla/5.0 (Macintosh; Intel Mac OS X 10_13_6) AppleWebKit/537.36 (KHTML, like Gecko) Chrome/68.0.3440.106 Safari/537.36','127.0.0.1'),(113,'http://127.0.0.1:5000/','2018-08-12 11:53:35','http://127.0.0.1:5000/auth/login?next=%2Fall','GET','main.index','Mozilla/5.0 (Macintosh; Intel Mac OS X 10_13_6) AppleWebKit/537.36 (KHTML, like Gecko) Chrome/68.0.3440.106 Safari/537.36','127.0.0.1'),(114,'http://127.0.0.1:5000/moderate','2018-08-12 11:53:37','http://127.0.0.1:5000/','GET','main.moderate','Mozilla/5.0 (Macintosh; Intel Mac OS X 10_13_6) AppleWebKit/537.36 (KHTML, like Gecko) Chrome/68.0.3440.106 Safari/537.36','127.0.0.1'),(115,'http://127.0.0.1:5000/export_posts','2018-08-12 11:53:37','http://127.0.0.1:5000/moderate','GET','main.export_posts','Mozilla/5.0 (Macintosh; Intel Mac OS X 10_13_6) AppleWebKit/537.36 (KHTML, like Gecko) Chrome/68.0.3440.106 Safari/537.36','127.0.0.1'),(116,'http://127.0.0.1:5000/user/Icecola','2018-08-12 11:53:37','http://127.0.0.1:5000/moderate','GET','main.user','Mozilla/5.0 (Macintosh; Intel Mac OS X 10_13_6) AppleWebKit/537.36 (KHTML, like Gecko) Chrome/68.0.3440.106 Safari/537.36','127.0.0.1'),(117,'http://127.0.0.1:5000/messages','2018-08-12 11:53:38','http://127.0.0.1:5000/user/Icecola','GET','main.messages','Mozilla/5.0 (Macintosh; Intel Mac OS X 10_13_6) AppleWebKit/537.36 (KHTML, like Gecko) Chrome/68.0.3440.106 Safari/537.36','127.0.0.1'),(118,'http://127.0.0.1:5000/moderate','2018-08-12 11:53:39','http://127.0.0.1:5000/messages','GET','main.moderate','Mozilla/5.0 (Macintosh; Intel Mac OS X 10_13_6) AppleWebKit/537.36 (KHTML, like Gecko) Chrome/68.0.3440.106 Safari/537.36','127.0.0.1'),(119,'http://127.0.0.1:5000/auth/logout','2018-08-12 11:53:39','http://127.0.0.1:5000/moderate','GET','auth.logout','Mozilla/5.0 (Macintosh; Intel Mac OS X 10_13_6) AppleWebKit/537.36 (KHTML, like Gecko) Chrome/68.0.3440.106 Safari/537.36','127.0.0.1'),(120,'http://127.0.0.1:5000/','2018-08-12 11:53:39','http://127.0.0.1:5000/moderate','GET','main.index','Mozilla/5.0 (Macintosh; Intel Mac OS X 10_13_6) AppleWebKit/537.36 (KHTML, like Gecko) Chrome/68.0.3440.106 Safari/537.36','127.0.0.1'),(121,'http://127.0.0.1:5000/api/','2018-08-12 11:57:57','','GET','api.index','Mozilla/5.0 (Macintosh; Intel Mac OS X 10_13_6) AppleWebKit/537.36 (KHTML, like Gecko) Chrome/68.0.3440.106 Safari/537.36','127.0.0.1'),(122,'http://0.0.0.0:5000/','2018-08-12 12:36:24','','GET','main.index','Mozilla/5.0 (Macintosh; Intel Mac OS X 10_13_6) AppleWebKit/537.36 (KHTML, like Gecko) Chrome/68.0.3440.106 Safari/537.36','127.0.0.1'),(123,'http://127.0.0.1:5000/','2018-08-12 12:36:32','','GET','main.index','Mozilla/5.0 (Macintosh; Intel Mac OS X 10_13_6) AppleWebKit/537.36 (KHTML, like Gecko) Chrome/68.0.3440.106 Safari/537.36','127.0.0.1'),(124,'http://127.0.0.1:5000/','2018-08-12 13:08:57','','GET','main.index','Mozilla/5.0 (Macintosh; Intel Mac OS X 10_13_6) AppleWebKit/537.36 (KHTML, like Gecko) Chrome/68.0.3440.106 Safari/537.36','127.0.0.1'),(125,'http://127.0.0.1:5000/','2018-08-16 10:08:35','','GET','main.index','Mozilla/5.0 (Macintosh; Intel Mac OS X 10_13_6) AppleWebKit/537.36 (KHTML, like Gecko) Chrome/68.0.3440.106 Safari/537.36','127.0.0.1'),(126,'http://127.0.0.1:5000/','2018-08-16 10:08:51','','GET','main.index','Mozilla/5.0 (Macintosh; Intel Mac OS X 10_13_6) AppleWebKit/537.36 (KHTML, like Gecko) Chrome/68.0.3440.106 Safari/537.36','127.0.0.1'),(127,'http://127.0.0.1:5000/','2018-08-25 12:02:00','','GET','main.index','Mozilla/5.0 (Macintosh; Intel Mac OS X 10_13_6) AppleWebKit/537.36 (KHTML, like Gecko) Chrome/68.0.3440.106 Safari/537.36','127.0.0.1'),(128,'http://127.0.0.1:5000/','2018-08-25 12:05:05','','GET','main.index','Mozilla/5.0 (Macintosh; Intel Mac OS X 10_13_6) AppleWebKit/537.36 (KHTML, like Gecko) Chrome/68.0.3440.106 Safari/537.36','127.0.0.1'),(129,'http://127.0.0.1:5000/post/19','2018-08-25 12:05:11','http://127.0.0.1:5000/','GET','main.post','Mozilla/5.0 (Macintosh; Intel Mac OS X 10_13_6) AppleWebKit/537.36 (KHTML, like Gecko) Chrome/68.0.3440.106 Safari/537.36','127.0.0.1'),(130,'http://127.0.0.1:5000/','2018-08-25 12:05:13','http://127.0.0.1:5000/post/19','GET','main.index','Mozilla/5.0 (Macintosh; Intel Mac OS X 10_13_6) AppleWebKit/537.36 (KHTML, like Gecko) Chrome/68.0.3440.106 Safari/537.36','127.0.0.1'),(131,'http://127.0.0.1:5000/auth/login','2018-08-25 12:05:13','http://127.0.0.1:5000/','GET','auth.login','Mozilla/5.0 (Macintosh; Intel Mac OS X 10_13_6) AppleWebKit/537.36 (KHTML, like Gecko) Chrome/68.0.3440.106 Safari/537.36','127.0.0.1'),(132,'http://127.0.0.1:5000/auth/login','2018-08-25 12:05:15','http://127.0.0.1:5000/auth/login','POST','auth.login','Mozilla/5.0 (Macintosh; Intel Mac OS X 10_13_6) AppleWebKit/537.36 (KHTML, like Gecko) Chrome/68.0.3440.106 Safari/537.36','127.0.0.1'),(133,'http://127.0.0.1:5000/','2018-08-25 12:05:15','http://127.0.0.1:5000/auth/login','GET','main.index','Mozilla/5.0 (Macintosh; Intel Mac OS X 10_13_6) AppleWebKit/537.36 (KHTML, like Gecko) Chrome/68.0.3440.106 Safari/537.36','127.0.0.1'),(134,'http://127.0.0.1:5000/show_followed','2018-08-25 12:05:17','http://127.0.0.1:5000/','GET','main.show_followed','Mozilla/5.0 (Macintosh; Intel Mac OS X 10_13_6) AppleWebKit/537.36 (KHTML, like Gecko) Chrome/68.0.3440.106 Safari/537.36','127.0.0.1'),(135,'http://127.0.0.1:5000/','2018-08-25 12:05:17','http://127.0.0.1:5000/','GET','main.index','Mozilla/5.0 (Macintosh; Intel Mac OS X 10_13_6) AppleWebKit/537.36 (KHTML, like Gecko) Chrome/68.0.3440.106 Safari/537.36','127.0.0.1'),(136,'http://127.0.0.1:5000/export_posts','2018-08-25 12:05:18','http://127.0.0.1:5000/','GET','main.export_posts','Mozilla/5.0 (Macintosh; Intel Mac OS X 10_13_6) AppleWebKit/537.36 (KHTML, like Gecko) Chrome/68.0.3440.106 Safari/537.36','127.0.0.1'),(137,'http://127.0.0.1:5000/user/Icecola','2018-08-25 12:05:18','http://127.0.0.1:5000/','GET','main.user','Mozilla/5.0 (Macintosh; Intel Mac OS X 10_13_6) AppleWebKit/537.36 (KHTML, like Gecko) Chrome/68.0.3440.106 Safari/537.36','127.0.0.1'),(138,'http://127.0.0.1:5000/moderate','2018-08-25 12:05:19','http://127.0.0.1:5000/user/Icecola','GET','main.moderate','Mozilla/5.0 (Macintosh; Intel Mac OS X 10_13_6) AppleWebKit/537.36 (KHTML, like Gecko) Chrome/68.0.3440.106 Safari/537.36','127.0.0.1'),(139,'http://127.0.0.1:5000/auth/logout','2018-08-25 12:05:19','http://127.0.0.1:5000/moderate','GET','auth.logout','Mozilla/5.0 (Macintosh; Intel Mac OS X 10_13_6) AppleWebKit/537.36 (KHTML, like Gecko) Chrome/68.0.3440.106 Safari/537.36','127.0.0.1'),(140,'http://127.0.0.1:5000/','2018-08-25 12:05:19','http://127.0.0.1:5000/moderate','GET','main.index','Mozilla/5.0 (Macintosh; Intel Mac OS X 10_13_6) AppleWebKit/537.36 (KHTML, like Gecko) Chrome/68.0.3440.106 Safari/537.36','127.0.0.1'),(141,'http://127.0.0.1:5000/','2018-08-25 12:09:40','http://127.0.0.1:5000/moderate','GET','main.index','Mozilla/5.0 (Macintosh; Intel Mac OS X 10_13_6) AppleWebKit/537.36 (KHTML, like Gecko) Chrome/68.0.3440.106 Safari/537.36','127.0.0.1'),(142,'http://127.0.0.1:5000/','2018-08-26 02:41:48','','GET','main.index','Mozilla/5.0 (Macintosh; Intel Mac OS X 10_13_6) AppleWebKit/537.36 (KHTML, like Gecko) Chrome/68.0.3440.106 Safari/537.36','127.0.0.1'),(143,'http://127.0.0.1:5000/post/19','2018-08-26 02:42:09','http://127.0.0.1:5000/','GET','main.post','Mozilla/5.0 (Macintosh; Intel Mac OS X 10_13_6) AppleWebKit/537.36 (KHTML, like Gecko) Chrome/68.0.3440.106 Safari/537.36','127.0.0.1'),(144,'http://127.0.0.1:5000/auth/login','2018-08-26 02:42:12','http://127.0.0.1:5000/post/19','GET','auth.login','Mozilla/5.0 (Macintosh; Intel Mac OS X 10_13_6) AppleWebKit/537.36 (KHTML, like Gecko) Chrome/68.0.3440.106 Safari/537.36','127.0.0.1'),(145,'http://127.0.0.1:5000/','2018-08-26 02:42:12','http://127.0.0.1:5000/auth/login','GET','main.index','Mozilla/5.0 (Macintosh; Intel Mac OS X 10_13_6) AppleWebKit/537.36 (KHTML, like Gecko) Chrome/68.0.3440.106 Safari/537.36','127.0.0.1'),(146,'http://127.0.0.1:5000/','2018-08-30 16:18:40','','GET','main.index','Mozilla/5.0 (Macintosh; Intel Mac OS X 10_13_6) AppleWebKit/537.36 (KHTML, like Gecko) Chrome/68.0.3440.106 Safari/537.36','127.0.0.1'),(147,'http://127.0.0.1:5000/?page=3','2018-08-30 16:18:51','http://127.0.0.1:5000/','GET','main.index','Mozilla/5.0 (Macintosh; Intel Mac OS X 10_13_6) AppleWebKit/537.36 (KHTML, like Gecko) Chrome/68.0.3440.106 Safari/537.36','127.0.0.1'),(148,'http://127.0.0.1:5000/play/','2018-08-30 16:19:02','','GET','play.index','Mozilla/5.0 (Macintosh; Intel Mac OS X 10_13_6) AppleWebKit/537.36 (KHTML, like Gecko) Chrome/68.0.3440.106 Safari/537.36','127.0.0.1'),(149,'http://127.0.0.1:5000/play/','2018-08-30 16:19:38','','GET','play.index','Mozilla/5.0 (Macintosh; Intel Mac OS X 10_13_6) AppleWebKit/537.36 (KHTML, like Gecko) Chrome/68.0.3440.106 Safari/537.36','127.0.0.1'),(150,'http://127.0.0.1:5000/play/','2018-08-30 16:19:42','','GET','play.index','Mozilla/5.0 (Macintosh; Intel Mac OS X 10_13_6) AppleWebKit/537.36 (KHTML, like Gecko) Chrome/68.0.3440.106 Safari/537.36','127.0.0.1'),(151,'http://127.0.0.1:5000/play/','2018-08-30 16:19:51','http://127.0.0.1:5000/play/','POST','play.index','Mozilla/5.0 (Macintosh; Intel Mac OS X 10_13_6) AppleWebKit/537.36 (KHTML, like Gecko) Chrome/68.0.3440.106 Safari/537.36','127.0.0.1'),(152,'http://127.0.0.1:5000/play/','2018-08-30 16:24:08','http://127.0.0.1:5000/play/','POST','play.index','Mozilla/5.0 (Macintosh; Intel Mac OS X 10_13_6) AppleWebKit/537.36 (KHTML, like Gecko) Chrome/68.0.3440.106 Safari/537.36','127.0.0.1'),(153,'http://127.0.0.1:5000/play/','2018-08-30 16:24:44','','GET','play.index','Mozilla/5.0 (Macintosh; Intel Mac OS X 10_13_6) AppleWebKit/537.36 (KHTML, like Gecko) Chrome/68.0.3440.106 Safari/537.36','127.0.0.1'),(154,'http://127.0.0.1:5000/play/','2018-08-30 16:24:49','http://127.0.0.1:5000/play/','POST','play.index','Mozilla/5.0 (Macintosh; Intel Mac OS X 10_13_6) AppleWebKit/537.36 (KHTML, like Gecko) Chrome/68.0.3440.106 Safari/537.36','127.0.0.1'),(155,'http://127.0.0.1:5000/play/','2018-08-30 16:25:43','http://127.0.0.1:5000/play/','POST','play.index','Mozilla/5.0 (Macintosh; Intel Mac OS X 10_13_6) AppleWebKit/537.36 (KHTML, like Gecko) Chrome/68.0.3440.106 Safari/537.36','127.0.0.1'),(156,'http://127.0.0.1:5000/play/','2018-08-30 16:25:55','http://127.0.0.1:5000/play/','POST','play.index','Mozilla/5.0 (Macintosh; Intel Mac OS X 10_13_6) AppleWebKit/537.36 (KHTML, like Gecko) Chrome/68.0.3440.106 Safari/537.36','127.0.0.1'),(157,'http://127.0.0.1:5000/play/','2018-08-30 16:26:52','http://127.0.0.1:5000/play/','POST','play.index','Mozilla/5.0 (Macintosh; Intel Mac OS X 10_13_6) AppleWebKit/537.36 (KHTML, like Gecko) Chrome/68.0.3440.106 Safari/537.36','127.0.0.1'),(158,'http://127.0.0.1:5000/play/','2018-08-30 16:29:24','http://127.0.0.1:5000/play/','POST','play.index','Mozilla/5.0 (Macintosh; Intel Mac OS X 10_13_6) AppleWebKit/537.36 (KHTML, like Gecko) Chrome/68.0.3440.106 Safari/537.36','127.0.0.1'),(159,'http://127.0.0.1:5000/play/','2018-08-30 16:30:14','http://127.0.0.1:5000/play/','POST','play.index','Mozilla/5.0 (Macintosh; Intel Mac OS X 10_13_6) AppleWebKit/537.36 (KHTML, like Gecko) Chrome/68.0.3440.106 Safari/537.36','127.0.0.1'),(160,'http://127.0.0.1:5000/play/','2018-08-30 16:30:43','http://127.0.0.1:5000/play/','POST','play.index','Mozilla/5.0 (Macintosh; Intel Mac OS X 10_13_6) AppleWebKit/537.36 (KHTML, like Gecko) Chrome/68.0.3440.106 Safari/537.36','127.0.0.1'),(161,'http://127.0.0.1:5000/play/','2018-08-30 16:47:14','http://127.0.0.1:5000/play/','POST','play.index','Mozilla/5.0 (Macintosh; Intel Mac OS X 10_13_6) AppleWebKit/537.36 (KHTML, like Gecko) Chrome/68.0.3440.106 Safari/537.36','127.0.0.1'),(162,'http://127.0.0.1:5000/','2018-08-30 16:52:25','','GET','main.index','Mozilla/5.0 (Macintosh; Intel Mac OS X 10_13_6) AppleWebKit/537.36 (KHTML, like Gecko) Chrome/68.0.3440.106 Safari/537.36','127.0.0.1'),(163,'http://127.0.0.1:5000/play/','2018-08-30 16:52:34','','GET','play.index','Mozilla/5.0 (Macintosh; Intel Mac OS X 10_13_6) AppleWebKit/537.36 (KHTML, like Gecko) Chrome/68.0.3440.106 Safari/537.36','127.0.0.1'),(164,'http://127.0.0.1:5000/play/','2018-08-30 16:52:37','http://127.0.0.1:5000/play/','POST','play.index','Mozilla/5.0 (Macintosh; Intel Mac OS X 10_13_6) AppleWebKit/537.36 (KHTML, like Gecko) Chrome/68.0.3440.106 Safari/537.36','127.0.0.1'),(165,'http://127.0.0.1:5000/play/','2018-08-30 16:53:14','http://127.0.0.1:5000/play/','POST','play.index','Mozilla/5.0 (Macintosh; Intel Mac OS X 10_13_6) AppleWebKit/537.36 (KHTML, like Gecko) Chrome/68.0.3440.106 Safari/537.36','127.0.0.1'),(166,'http://127.0.0.1:5000/play/','2018-08-30 16:53:14','http://127.0.0.1:5000/play/','GET','play.index','Mozilla/5.0 (Macintosh; Intel Mac OS X 10_13_6) AppleWebKit/537.36 (KHTML, like Gecko) Chrome/68.0.3440.106 Safari/537.36','127.0.0.1'),(167,'http://127.0.0.1:5000/play/','2018-08-30 16:55:20','http://127.0.0.1:5000/play/','POST','play.index','Mozilla/5.0 (Macintosh; Intel Mac OS X 10_13_6) AppleWebKit/537.36 (KHTML, like Gecko) Chrome/68.0.3440.106 Safari/537.36','127.0.0.1'),(168,'http://127.0.0.1:5000/play/','2018-08-30 16:55:20','http://127.0.0.1:5000/play/','GET','play.index','Mozilla/5.0 (Macintosh; Intel Mac OS X 10_13_6) AppleWebKit/537.36 (KHTML, like Gecko) Chrome/68.0.3440.106 Safari/537.36','127.0.0.1'),(169,'http://127.0.0.1:5000/play/','2018-08-30 16:55:38','http://127.0.0.1:5000/play/','POST','play.index','Mozilla/5.0 (Macintosh; Intel Mac OS X 10_13_6) AppleWebKit/537.36 (KHTML, like Gecko) Chrome/68.0.3440.106 Safari/537.36','127.0.0.1'),(170,'http://127.0.0.1:5000/play/','2018-08-30 16:55:38','http://127.0.0.1:5000/play/','GET','play.index','Mozilla/5.0 (Macintosh; Intel Mac OS X 10_13_6) AppleWebKit/537.36 (KHTML, like Gecko) Chrome/68.0.3440.106 Safari/537.36','127.0.0.1'),(171,'http://127.0.0.1:5000/play/','2018-08-30 16:56:18','http://127.0.0.1:5000/play/','POST','play.index','Mozilla/5.0 (Macintosh; Intel Mac OS X 10_13_6) AppleWebKit/537.36 (KHTML, like Gecko) Chrome/68.0.3440.106 Safari/537.36','127.0.0.1'),(172,'http://127.0.0.1:5000/play/','2018-08-30 16:56:18','http://127.0.0.1:5000/play/','GET','play.index','Mozilla/5.0 (Macintosh; Intel Mac OS X 10_13_6) AppleWebKit/537.36 (KHTML, like Gecko) Chrome/68.0.3440.106 Safari/537.36','127.0.0.1'),(173,'http://127.0.0.1:5000/play/','2018-08-30 16:56:20','http://127.0.0.1:5000/play/','GET','play.index','Mozilla/5.0 (Macintosh; Intel Mac OS X 10_13_6) AppleWebKit/537.36 (KHTML, like Gecko) Chrome/68.0.3440.106 Safari/537.36','127.0.0.1'),(174,'http://127.0.0.1:5000/play/','2018-08-30 16:56:21','http://127.0.0.1:5000/play/','POST','play.index','Mozilla/5.0 (Macintosh; Intel Mac OS X 10_13_6) AppleWebKit/537.36 (KHTML, like Gecko) Chrome/68.0.3440.106 Safari/537.36','127.0.0.1'),(175,'http://127.0.0.1:5000/play/','2018-08-30 16:56:21','http://127.0.0.1:5000/play/','GET','play.index','Mozilla/5.0 (Macintosh; Intel Mac OS X 10_13_6) AppleWebKit/537.36 (KHTML, like Gecko) Chrome/68.0.3440.106 Safari/537.36','127.0.0.1'),(176,'http://127.0.0.1:5000/play/','2018-08-30 16:56:47','http://127.0.0.1:5000/play/','GET','play.index','Mozilla/5.0 (Macintosh; Intel Mac OS X 10_13_6) AppleWebKit/537.36 (KHTML, like Gecko) Chrome/68.0.3440.106 Safari/537.36','127.0.0.1'),(177,'http://127.0.0.1:5000/play/','2018-08-30 16:56:47','http://127.0.0.1:5000/play/','POST','play.index','Mozilla/5.0 (Macintosh; Intel Mac OS X 10_13_6) AppleWebKit/537.36 (KHTML, like Gecko) Chrome/68.0.3440.106 Safari/537.36','127.0.0.1'),(178,'http://127.0.0.1:5000/play/','2018-08-30 16:56:47','http://127.0.0.1:5000/play/','GET','play.index','Mozilla/5.0 (Macintosh; Intel Mac OS X 10_13_6) AppleWebKit/537.36 (KHTML, like Gecko) Chrome/68.0.3440.106 Safari/537.36','127.0.0.1'),(179,'http://127.0.0.1:5000/play/','2018-08-30 16:56:51','http://127.0.0.1:5000/play/','POST','play.index','Mozilla/5.0 (Macintosh; Intel Mac OS X 10_13_6) AppleWebKit/537.36 (KHTML, like Gecko) Chrome/68.0.3440.106 Safari/537.36','127.0.0.1'),(180,'http://127.0.0.1:5000/play/','2018-08-30 16:56:51','http://127.0.0.1:5000/play/','GET','play.index','Mozilla/5.0 (Macintosh; Intel Mac OS X 10_13_6) AppleWebKit/537.36 (KHTML, like Gecko) Chrome/68.0.3440.106 Safari/537.36','127.0.0.1'),(181,'http://127.0.0.1:5000/play/','2018-08-30 16:56:58','http://127.0.0.1:5000/play/','POST','play.index','Mozilla/5.0 (Macintosh; Intel Mac OS X 10_13_6) AppleWebKit/537.36 (KHTML, like Gecko) Chrome/68.0.3440.106 Safari/537.36','127.0.0.1'),(182,'http://127.0.0.1:5000/play/','2018-08-30 16:56:58','http://127.0.0.1:5000/play/','GET','play.index','Mozilla/5.0 (Macintosh; Intel Mac OS X 10_13_6) AppleWebKit/537.36 (KHTML, like Gecko) Chrome/68.0.3440.106 Safari/537.36','127.0.0.1'),(183,'http://127.0.0.1:5000/play/','2018-08-30 16:57:07','http://127.0.0.1:5000/play/','POST','play.index','Mozilla/5.0 (Macintosh; Intel Mac OS X 10_13_6) AppleWebKit/537.36 (KHTML, like Gecko) Chrome/68.0.3440.106 Safari/537.36','127.0.0.1'),(184,'http://127.0.0.1:5000/play/','2018-08-30 16:57:07','http://127.0.0.1:5000/play/','GET','play.index','Mozilla/5.0 (Macintosh; Intel Mac OS X 10_13_6) AppleWebKit/537.36 (KHTML, like Gecko) Chrome/68.0.3440.106 Safari/537.36','127.0.0.1'),(185,'http://127.0.0.1:5000/play/','2018-08-30 16:58:01','http://127.0.0.1:5000/play/','POST','play.index','Mozilla/5.0 (Macintosh; Intel Mac OS X 10_13_6) AppleWebKit/537.36 (KHTML, like Gecko) Chrome/68.0.3440.106 Safari/537.36','127.0.0.1'),(186,'http://127.0.0.1:5000/play/','2018-08-30 16:58:01','http://127.0.0.1:5000/play/','GET','play.index','Mozilla/5.0 (Macintosh; Intel Mac OS X 10_13_6) AppleWebKit/537.36 (KHTML, like Gecko) Chrome/68.0.3440.106 Safari/537.36','127.0.0.1'),(187,'http://127.0.0.1:5000/play/','2018-08-30 16:58:27','http://127.0.0.1:5000/play/','GET','play.index','Mozilla/5.0 (Macintosh; Intel Mac OS X 10_13_6) AppleWebKit/537.36 (KHTML, like Gecko) Chrome/68.0.3440.106 Safari/537.36','127.0.0.1'),(188,'http://127.0.0.1:5000/play/','2018-08-30 16:58:29','http://127.0.0.1:5000/play/','POST','play.index','Mozilla/5.0 (Macintosh; Intel Mac OS X 10_13_6) AppleWebKit/537.36 (KHTML, like Gecko) Chrome/68.0.3440.106 Safari/537.36','127.0.0.1'),(189,'http://127.0.0.1:5000/play/','2018-08-30 16:58:29','http://127.0.0.1:5000/play/','GET','play.index','Mozilla/5.0 (Macintosh; Intel Mac OS X 10_13_6) AppleWebKit/537.36 (KHTML, like Gecko) Chrome/68.0.3440.106 Safari/537.36','127.0.0.1'),(190,'http://127.0.0.1:5000/play/','2018-08-30 16:59:29','http://127.0.0.1:5000/play/','GET','play.index','Mozilla/5.0 (Macintosh; Intel Mac OS X 10_13_6) AppleWebKit/537.36 (KHTML, like Gecko) Chrome/68.0.3440.106 Safari/537.36','127.0.0.1'),(191,'http://127.0.0.1:5000/play/','2018-08-30 16:59:30','http://127.0.0.1:5000/play/','POST','play.index','Mozilla/5.0 (Macintosh; Intel Mac OS X 10_13_6) AppleWebKit/537.36 (KHTML, like Gecko) Chrome/68.0.3440.106 Safari/537.36','127.0.0.1'),(192,'http://127.0.0.1:5000/play/','2018-08-30 16:59:30','http://127.0.0.1:5000/play/','GET','play.index','Mozilla/5.0 (Macintosh; Intel Mac OS X 10_13_6) AppleWebKit/537.36 (KHTML, like Gecko) Chrome/68.0.3440.106 Safari/537.36','127.0.0.1'),(193,'http://127.0.0.1:5000/','2018-09-01 01:21:15','','GET','main.index','Mozilla/5.0 (Macintosh; Intel Mac OS X 10_13_6) AppleWebKit/537.36 (KHTML, like Gecko) Chrome/68.0.3440.106 Safari/537.36','127.0.0.1'),(194,'http://127.0.0.1:5000/post/103','2018-09-01 01:21:22','http://127.0.0.1:5000/','GET','main.post','Mozilla/5.0 (Macintosh; Intel Mac OS X 10_13_6) AppleWebKit/537.36 (KHTML, like Gecko) Chrome/68.0.3440.106 Safari/537.36','127.0.0.1'),(195,'http://127.0.0.1:5000/auth/login','2018-09-01 01:21:23','http://127.0.0.1:5000/post/103','GET','auth.login','Mozilla/5.0 (Macintosh; Intel Mac OS X 10_13_6) AppleWebKit/537.36 (KHTML, like Gecko) Chrome/68.0.3440.106 Safari/537.36','127.0.0.1'),(196,'http://127.0.0.1:5000/','2018-09-01 01:21:24','http://127.0.0.1:5000/auth/login','GET','main.index','Mozilla/5.0 (Macintosh; Intel Mac OS X 10_13_6) AppleWebKit/537.36 (KHTML, like Gecko) Chrome/68.0.3440.106 Safari/537.36','127.0.0.1'),(197,'http://127.0.0.1:5000/','2018-09-01 03:06:59','http://127.0.0.1:5000/auth/login','GET','main.index','Mozilla/5.0 (Macintosh; Intel Mac OS X 10_13_6) AppleWebKit/537.36 (KHTML, like Gecko) Chrome/68.0.3440.106 Safari/537.36','127.0.0.1'),(198,'http://127.0.0.1:5000/','2018-09-01 04:32:09','http://127.0.0.1:5000/auth/login','GET','main.index','Mozilla/5.0 (Macintosh; Intel Mac OS X 10_13_6) AppleWebKit/537.36 (KHTML, like Gecko) Chrome/68.0.3440.106 Safari/537.36','127.0.0.1'),(199,'http://127.0.0.1:5000/play/','2018-09-01 04:32:19','','GET','play.index','Mozilla/5.0 (Macintosh; Intel Mac OS X 10_13_6) AppleWebKit/537.36 (KHTML, like Gecko) Chrome/68.0.3440.106 Safari/537.36','127.0.0.1'),(200,'http://127.0.0.1:5000/play/','2018-09-01 04:32:21','http://127.0.0.1:5000/play/','POST','play.index','Mozilla/5.0 (Macintosh; Intel Mac OS X 10_13_6) AppleWebKit/537.36 (KHTML, like Gecko) Chrome/68.0.3440.106 Safari/537.36','127.0.0.1'),(201,'http://127.0.0.1:5000/play/','2018-09-01 04:32:22','http://127.0.0.1:5000/play/','GET','play.index','Mozilla/5.0 (Macintosh; Intel Mac OS X 10_13_6) AppleWebKit/537.36 (KHTML, like Gecko) Chrome/68.0.3440.106 Safari/537.36','127.0.0.1'),(202,'http://127.0.0.1:5000/play/','2018-09-01 05:04:38','http://127.0.0.1:5000/play/','POST','play.index','Mozilla/5.0 (Macintosh; Intel Mac OS X 10_13_6) AppleWebKit/537.36 (KHTML, like Gecko) Chrome/68.0.3440.106 Safari/537.36','127.0.0.1'),(203,'http://127.0.0.1:5000/play/','2018-09-01 05:04:38','http://127.0.0.1:5000/play/','GET','play.index','Mozilla/5.0 (Macintosh; Intel Mac OS X 10_13_6) AppleWebKit/537.36 (KHTML, like Gecko) Chrome/68.0.3440.106 Safari/537.36','127.0.0.1'),(204,'http://127.0.0.1:5000/play/','2018-09-01 05:04:45','http://127.0.0.1:5000/play/','POST','play.index','Mozilla/5.0 (Macintosh; Intel Mac OS X 10_13_6) AppleWebKit/537.36 (KHTML, like Gecko) Chrome/68.0.3440.106 Safari/537.36','127.0.0.1'),(205,'http://127.0.0.1:5000/play/','2018-09-01 05:04:45','http://127.0.0.1:5000/play/','GET','play.index','Mozilla/5.0 (Macintosh; Intel Mac OS X 10_13_6) AppleWebKit/537.36 (KHTML, like Gecko) Chrome/68.0.3440.106 Safari/537.36','127.0.0.1'),(206,'http://127.0.0.1:5000/play/','2018-09-01 05:04:49','http://127.0.0.1:5000/play/','POST','play.index','Mozilla/5.0 (Macintosh; Intel Mac OS X 10_13_6) AppleWebKit/537.36 (KHTML, like Gecko) Chrome/68.0.3440.106 Safari/537.36','127.0.0.1'),(207,'http://127.0.0.1:5000/play/','2018-09-01 05:04:49','http://127.0.0.1:5000/play/','GET','play.index','Mozilla/5.0 (Macintosh; Intel Mac OS X 10_13_6) AppleWebKit/537.36 (KHTML, like Gecko) Chrome/68.0.3440.106 Safari/537.36','127.0.0.1'),(208,'http://127.0.0.1:5000/play/','2018-09-01 05:04:51','http://127.0.0.1:5000/play/','POST','play.index','Mozilla/5.0 (Macintosh; Intel Mac OS X 10_13_6) AppleWebKit/537.36 (KHTML, like Gecko) Chrome/68.0.3440.106 Safari/537.36','127.0.0.1'),(209,'http://127.0.0.1:5000/play/','2018-09-01 05:04:51','http://127.0.0.1:5000/play/','GET','play.index','Mozilla/5.0 (Macintosh; Intel Mac OS X 10_13_6) AppleWebKit/537.36 (KHTML, like Gecko) Chrome/68.0.3440.106 Safari/537.36','127.0.0.1'),(210,'http://127.0.0.1:5000/play/','2018-09-01 05:04:57','http://127.0.0.1:5000/play/','POST','play.index','Mozilla/5.0 (Macintosh; Intel Mac OS X 10_13_6) AppleWebKit/537.36 (KHTML, like Gecko) Chrome/68.0.3440.106 Safari/537.36','127.0.0.1'),(211,'http://127.0.0.1:5000/play/','2018-09-01 05:04:57','http://127.0.0.1:5000/play/','GET','play.index','Mozilla/5.0 (Macintosh; Intel Mac OS X 10_13_6) AppleWebKit/537.36 (KHTML, like Gecko) Chrome/68.0.3440.106 Safari/537.36','127.0.0.1'),(212,'http://127.0.0.1:5000/play/','2018-09-01 05:05:04','http://127.0.0.1:5000/play/','POST','play.index','Mozilla/5.0 (Macintosh; Intel Mac OS X 10_13_6) AppleWebKit/537.36 (KHTML, like Gecko) Chrome/68.0.3440.106 Safari/537.36','127.0.0.1'),(213,'http://127.0.0.1:5000/play/','2018-09-01 05:05:04','http://127.0.0.1:5000/play/','GET','play.index','Mozilla/5.0 (Macintosh; Intel Mac OS X 10_13_6) AppleWebKit/537.36 (KHTML, like Gecko) Chrome/68.0.3440.106 Safari/537.36','127.0.0.1'),(214,'http://127.0.0.1:5000/','2018-09-01 08:50:09','','GET','main.index','Mozilla/5.0 (Macintosh; Intel Mac OS X 10_13_6) AppleWebKit/537.36 (KHTML, like Gecko) Chrome/68.0.3440.106 Safari/537.36','127.0.0.1'),(215,'http://127.0.0.1:5000/play/','2018-09-01 08:50:16','','GET','play.index','Mozilla/5.0 (Macintosh; Intel Mac OS X 10_13_6) AppleWebKit/537.36 (KHTML, like Gecko) Chrome/68.0.3440.106 Safari/537.36','127.0.0.1'),(216,'http://127.0.0.1:5000/play/','2018-09-01 08:50:18','http://127.0.0.1:5000/play/','POST','play.index','Mozilla/5.0 (Macintosh; Intel Mac OS X 10_13_6) AppleWebKit/537.36 (KHTML, like Gecko) Chrome/68.0.3440.106 Safari/537.36','127.0.0.1'),(217,'http://127.0.0.1:5000/play/','2018-09-01 08:50:18','http://127.0.0.1:5000/play/','GET','play.index','Mozilla/5.0 (Macintosh; Intel Mac OS X 10_13_6) AppleWebKit/537.36 (KHTML, like Gecko) Chrome/68.0.3440.106 Safari/537.36','127.0.0.1'),(218,'http://127.0.0.1:5000/play/','2018-09-01 08:51:03','http://127.0.0.1:5000/play/','GET','play.index','Mozilla/5.0 (Macintosh; Intel Mac OS X 10_13_6) AppleWebKit/537.36 (KHTML, like Gecko) Chrome/68.0.3440.106 Safari/537.36','127.0.0.1'),(219,'http://127.0.0.1:5000/play/','2018-09-01 08:51:05','http://127.0.0.1:5000/play/','POST','play.index','Mozilla/5.0 (Macintosh; Intel Mac OS X 10_13_6) AppleWebKit/537.36 (KHTML, like Gecko) Chrome/68.0.3440.106 Safari/537.36','127.0.0.1'),(220,'http://127.0.0.1:5000/play/','2018-09-01 08:51:05','http://127.0.0.1:5000/play/','GET','play.index','Mozilla/5.0 (Macintosh; Intel Mac OS X 10_13_6) AppleWebKit/537.36 (KHTML, like Gecko) Chrome/68.0.3440.106 Safari/537.36','127.0.0.1'),(221,'http://127.0.0.1:5000/','2018-09-01 09:28:53','','GET','main.index','Mozilla/5.0 (Macintosh; Intel Mac OS X 10_13_6) AppleWebKit/537.36 (KHTML, like Gecko) Chrome/68.0.3440.106 Safari/537.36','127.0.0.1'),(222,'http://127.0.0.1:5000/play/','2018-09-01 09:28:59','','GET','play.index','Mozilla/5.0 (Macintosh; Intel Mac OS X 10_13_6) AppleWebKit/537.36 (KHTML, like Gecko) Chrome/68.0.3440.106 Safari/537.36','127.0.0.1'),(223,'http://127.0.0.1:5000/play/','2018-09-01 09:29:00','','GET','play.index','Mozilla/5.0 (Macintosh; Intel Mac OS X 10_13_6) AppleWebKit/537.36 (KHTML, like Gecko) Chrome/68.0.3440.106 Safari/537.36','127.0.0.1'),(224,'http://127.0.0.1:5000/play/','2018-09-01 09:29:05','http://127.0.0.1:5000/play/','POST','play.index','Mozilla/5.0 (Macintosh; Intel Mac OS X 10_13_6) AppleWebKit/537.36 (KHTML, like Gecko) Chrome/68.0.3440.106 Safari/537.36','127.0.0.1'),(225,'http://127.0.0.1:5000/play/','2018-09-01 09:29:05','http://127.0.0.1:5000/play/','GET','play.index','Mozilla/5.0 (Macintosh; Intel Mac OS X 10_13_6) AppleWebKit/537.36 (KHTML, like Gecko) Chrome/68.0.3440.106 Safari/537.36','127.0.0.1'),(226,'http://127.0.0.1:5000/','2018-09-01 09:40:03','','GET','main.index','Mozilla/5.0 (Macintosh; Intel Mac OS X 10_13_6) AppleWebKit/537.36 (KHTML, like Gecko) Chrome/68.0.3440.106 Safari/537.36','127.0.0.1'),(227,'http://127.0.0.1:5000/play/','2018-09-01 09:40:10','','GET','play.index','Mozilla/5.0 (Macintosh; Intel Mac OS X 10_13_6) AppleWebKit/537.36 (KHTML, like Gecko) Chrome/68.0.3440.106 Safari/537.36','127.0.0.1'),(228,'http://127.0.0.1:5000/play/','2018-09-01 09:40:11','','GET','play.index','Mozilla/5.0 (Macintosh; Intel Mac OS X 10_13_6) AppleWebKit/537.36 (KHTML, like Gecko) Chrome/68.0.3440.106 Safari/537.36','127.0.0.1'),(229,'http://127.0.0.1:5000/play/','2018-09-01 09:40:15','http://127.0.0.1:5000/play/','POST','play.index','Mozilla/5.0 (Macintosh; Intel Mac OS X 10_13_6) AppleWebKit/537.36 (KHTML, like Gecko) Chrome/68.0.3440.106 Safari/537.36','127.0.0.1'),(230,'http://127.0.0.1:5000/play/','2018-09-01 09:40:15','http://127.0.0.1:5000/play/','GET','play.index','Mozilla/5.0 (Macintosh; Intel Mac OS X 10_13_6) AppleWebKit/537.36 (KHTML, like Gecko) Chrome/68.0.3440.106 Safari/537.36','127.0.0.1'),(231,'http://127.0.0.1:5000/','2018-09-03 04:58:40','','GET','main.index','Mozilla/5.0 (Macintosh; Intel Mac OS X 10_13_6) AppleWebKit/537.36 (KHTML, like Gecko) Chrome/68.0.3440.106 Safari/537.36','127.0.0.1'),(232,'http://127.0.0.1:5000/play/','2018-09-03 05:03:22','','GET','play.index','Mozilla/5.0 (Macintosh; Intel Mac OS X 10_13_6) AppleWebKit/537.36 (KHTML, like Gecko) Chrome/68.0.3440.106 Safari/537.36','127.0.0.1'),(233,'http://127.0.0.1:5000/play/','2018-09-03 05:03:26','http://127.0.0.1:5000/play/','POST','play.index','Mozilla/5.0 (Macintosh; Intel Mac OS X 10_13_6) AppleWebKit/537.36 (KHTML, like Gecko) Chrome/68.0.3440.106 Safari/537.36','127.0.0.1'),(234,'http://127.0.0.1:5000/play/','2018-09-03 05:03:27','http://127.0.0.1:5000/play/','GET','play.index','Mozilla/5.0 (Macintosh; Intel Mac OS X 10_13_6) AppleWebKit/537.36 (KHTML, like Gecko) Chrome/68.0.3440.106 Safari/537.36','127.0.0.1'),(235,'http://127.0.0.1:5000/','2018-09-03 07:05:23','','GET','main.index','Mozilla/5.0 (Macintosh; Intel Mac OS X 10_13_6) AppleWebKit/537.36 (KHTML, like Gecko) Chrome/68.0.3440.106 Safari/537.36','127.0.0.1'),(236,'http://127.0.0.1:5000/play/','2018-09-03 07:05:27','','GET','play.index','Mozilla/5.0 (Macintosh; Intel Mac OS X 10_13_6) AppleWebKit/537.36 (KHTML, like Gecko) Chrome/68.0.3440.106 Safari/537.36','127.0.0.1'),(237,'http://127.0.0.1:5000/play/','2018-09-03 07:08:29','http://127.0.0.1:5000/play/','POST','play.index','Mozilla/5.0 (Macintosh; Intel Mac OS X 10_13_6) AppleWebKit/537.36 (KHTML, like Gecko) Chrome/68.0.3440.106 Safari/537.36','127.0.0.1'),(238,'http://127.0.0.1:5000/play/','2018-09-03 07:08:29','http://127.0.0.1:5000/play/','GET','play.index','Mozilla/5.0 (Macintosh; Intel Mac OS X 10_13_6) AppleWebKit/537.36 (KHTML, like Gecko) Chrome/68.0.3440.106 Safari/537.36','127.0.0.1'),(239,'http://127.0.0.1:5000/','2018-09-09 10:45:49','','GET','main.index','Mozilla/5.0 (Macintosh; Intel Mac OS X 10_13_6) AppleWebKit/537.36 (KHTML, like Gecko) Chrome/68.0.3440.106 Safari/537.36','127.0.0.1'),(240,'http://127.0.0.1:5000/post/103','2018-09-09 10:45:54','http://127.0.0.1:5000/','GET','main.post','Mozilla/5.0 (Macintosh; Intel Mac OS X 10_13_6) AppleWebKit/537.36 (KHTML, like Gecko) Chrome/68.0.3440.106 Safari/537.36','127.0.0.1'),(241,'http://127.0.0.1:5000/','2018-09-09 10:45:56','http://127.0.0.1:5000/post/103','GET','main.index','Mozilla/5.0 (Macintosh; Intel Mac OS X 10_13_6) AppleWebKit/537.36 (KHTML, like Gecko) Chrome/68.0.3440.106 Safari/537.36','127.0.0.1'),(242,'http://127.0.0.1:5000/auth/login','2018-09-09 10:45:57','http://127.0.0.1:5000/','GET','auth.login','Mozilla/5.0 (Macintosh; Intel Mac OS X 10_13_6) AppleWebKit/537.36 (KHTML, like Gecko) Chrome/68.0.3440.106 Safari/537.36','127.0.0.1'),(243,'http://127.0.0.1:5000/auth/login','2018-09-09 10:45:59','http://127.0.0.1:5000/auth/login','POST','auth.login','Mozilla/5.0 (Macintosh; Intel Mac OS X 10_13_6) AppleWebKit/537.36 (KHTML, like Gecko) Chrome/68.0.3440.106 Safari/537.36','127.0.0.1'),(244,'http://127.0.0.1:5000/','2018-09-09 10:45:59','http://127.0.0.1:5000/auth/login','GET','main.index','Mozilla/5.0 (Macintosh; Intel Mac OS X 10_13_6) AppleWebKit/537.36 (KHTML, like Gecko) Chrome/68.0.3440.106 Safari/537.36','127.0.0.1'),(245,'http://127.0.0.1:5000/','2018-09-09 10:48:36','http://127.0.0.1:5000/auth/login','GET','main.index','Mozilla/5.0 (Macintosh; Intel Mac OS X 10_13_6) AppleWebKit/537.36 (KHTML, like Gecko) Chrome/68.0.3440.106 Safari/537.36','127.0.0.1'),(246,'http://127.0.0.1:5000/','2018-09-09 10:49:29','http://127.0.0.1:5000/auth/login','GET','main.index','Mozilla/5.0 (Macintosh; Intel Mac OS X 10_13_6) AppleWebKit/537.36 (KHTML, like Gecko) Chrome/68.0.3440.106 Safari/537.36','127.0.0.1'),(247,'http://127.0.0.1:5000/','2018-09-09 10:49:37','http://127.0.0.1:5000/auth/login','GET','main.index','Mozilla/5.0 (Macintosh; Intel Mac OS X 10_13_6) AppleWebKit/537.36 (KHTML, like Gecko) Chrome/68.0.3440.106 Safari/537.36','127.0.0.1'),(248,'http://127.0.0.1:5000/','2018-09-09 10:49:59','http://127.0.0.1:5000/auth/login','GET','main.index','Mozilla/5.0 (Macintosh; Intel Mac OS X 10_13_6) AppleWebKit/537.36 (KHTML, like Gecko) Chrome/68.0.3440.106 Safari/537.36','127.0.0.1'),(249,'http://127.0.0.1:5000/task_queue','2018-09-09 10:50:03','http://127.0.0.1:5000/','GET','main.tasks','Mozilla/5.0 (Macintosh; Intel Mac OS X 10_13_6) AppleWebKit/537.36 (KHTML, like Gecko) Chrome/68.0.3440.106 Safari/537.36','127.0.0.1'),(250,'http://127.0.0.1:5000/','2018-09-09 11:36:52','','GET','main.index','Mozilla/5.0 (Macintosh; Intel Mac OS X 10_13_6) AppleWebKit/537.36 (KHTML, like Gecko) Chrome/68.0.3440.106 Safari/537.36','127.0.0.1'),(251,'http://127.0.0.1:5000/auth/login','2018-09-09 11:36:55','http://127.0.0.1:5000/','GET','auth.login','Mozilla/5.0 (Macintosh; Intel Mac OS X 10_13_6) AppleWebKit/537.36 (KHTML, like Gecko) Chrome/68.0.3440.106 Safari/537.36','127.0.0.1'),(252,'http://127.0.0.1:5000/','2018-09-09 11:36:56','http://127.0.0.1:5000/auth/login','GET','main.index','Mozilla/5.0 (Macintosh; Intel Mac OS X 10_13_6) AppleWebKit/537.36 (KHTML, like Gecko) Chrome/68.0.3440.106 Safari/537.36','127.0.0.1'),(253,'http://127.0.0.1:5000/play/','2018-09-09 11:37:00','','GET','play.index','Mozilla/5.0 (Macintosh; Intel Mac OS X 10_13_6) AppleWebKit/537.36 (KHTML, like Gecko) Chrome/68.0.3440.106 Safari/537.36','127.0.0.1'),(254,'http://127.0.0.1:5000/play/','2018-09-09 11:37:01','','GET','play.index','Mozilla/5.0 (Macintosh; Intel Mac OS X 10_13_6) AppleWebKit/537.36 (KHTML, like Gecko) Chrome/68.0.3440.106 Safari/537.36','127.0.0.1'),(255,'http://127.0.0.1:5000/play/','2018-09-09 11:41:14','http://127.0.0.1:5000/play/','POST','play.index','Mozilla/5.0 (Macintosh; Intel Mac OS X 10_13_6) AppleWebKit/537.36 (KHTML, like Gecko) Chrome/68.0.3440.106 Safari/537.36','127.0.0.1'),(256,'http://127.0.0.1:5000/play/','2018-09-09 11:43:47','http://127.0.0.1:5000/play/','POST','play.index','Mozilla/5.0 (Macintosh; Intel Mac OS X 10_13_6) AppleWebKit/537.36 (KHTML, like Gecko) Chrome/68.0.3440.106 Safari/537.36','127.0.0.1'),(257,'http://127.0.0.1:5000/','2018-09-09 11:45:03','','GET','main.index','Mozilla/5.0 (Macintosh; Intel Mac OS X 10_13_6) AppleWebKit/537.36 (KHTML, like Gecko) Chrome/68.0.3440.106 Safari/537.36','127.0.0.1'),(258,'http://127.0.0.1:5000/play/','2018-09-09 11:45:07','','GET','play.index','Mozilla/5.0 (Macintosh; Intel Mac OS X 10_13_6) AppleWebKit/537.36 (KHTML, like Gecko) Chrome/68.0.3440.106 Safari/537.36','127.0.0.1'),(259,'http://127.0.0.1:5000/play/','2018-09-09 11:45:11','http://127.0.0.1:5000/play/','POST','play.index','Mozilla/5.0 (Macintosh; Intel Mac OS X 10_13_6) AppleWebKit/537.36 (KHTML, like Gecko) Chrome/68.0.3440.106 Safari/537.36','127.0.0.1'),(260,'http://127.0.0.1:5000/play/','2018-09-09 11:45:11','http://127.0.0.1:5000/play/','GET','play.index','Mozilla/5.0 (Macintosh; Intel Mac OS X 10_13_6) AppleWebKit/537.36 (KHTML, like Gecko) Chrome/68.0.3440.106 Safari/537.36','127.0.0.1'),(261,'http://127.0.0.1:5000/','2018-09-09 11:45:13','','GET','main.index','Mozilla/5.0 (Macintosh; Intel Mac OS X 10_13_6) AppleWebKit/537.36 (KHTML, like Gecko) Chrome/68.0.3440.106 Safari/537.36','127.0.0.1'),(262,'http://127.0.0.1:5000/play/','2018-09-09 11:48:22','http://127.0.0.1:5000/play/','POST','play.index','Mozilla/5.0 (Macintosh; Intel Mac OS X 10_13_6) AppleWebKit/537.36 (KHTML, like Gecko) Chrome/68.0.3440.106 Safari/537.36','127.0.0.1'),(263,'http://127.0.0.1:5000/play/','2018-09-09 11:48:22','http://127.0.0.1:5000/play/','GET','play.index','Mozilla/5.0 (Macintosh; Intel Mac OS X 10_13_6) AppleWebKit/537.36 (KHTML, like Gecko) Chrome/68.0.3440.106 Safari/537.36','127.0.0.1'),(264,'http://127.0.0.1:5000/play/','2018-09-09 11:48:29','http://127.0.0.1:5000/play/','POST','play.index','Mozilla/5.0 (Macintosh; Intel Mac OS X 10_13_6) AppleWebKit/537.36 (KHTML, like Gecko) Chrome/68.0.3440.106 Safari/537.36','127.0.0.1'),(265,'http://127.0.0.1:5000/play/','2018-09-09 11:48:29','http://127.0.0.1:5000/play/','GET','play.index','Mozilla/5.0 (Macintosh; Intel Mac OS X 10_13_6) AppleWebKit/537.36 (KHTML, like Gecko) Chrome/68.0.3440.106 Safari/537.36','127.0.0.1'),(266,'http://127.0.0.1:5000/play/','2018-09-09 11:50:54','http://127.0.0.1:5000/play/','GET','play.index','Mozilla/5.0 (Macintosh; Intel Mac OS X 10_13_6) AppleWebKit/537.36 (KHTML, like Gecko) Chrome/68.0.3440.106 Safari/537.36','127.0.0.1'),(267,'http://127.0.0.1:5000/play/','2018-09-09 11:50:56','http://127.0.0.1:5000/play/','POST','play.index','Mozilla/5.0 (Macintosh; Intel Mac OS X 10_13_6) AppleWebKit/537.36 (KHTML, like Gecko) Chrome/68.0.3440.106 Safari/537.36','127.0.0.1'),(268,'http://127.0.0.1:5000/play/','2018-09-09 11:50:56','http://127.0.0.1:5000/play/','GET','play.index','Mozilla/5.0 (Macintosh; Intel Mac OS X 10_13_6) AppleWebKit/537.36 (KHTML, like Gecko) Chrome/68.0.3440.106 Safari/537.36','127.0.0.1'),(269,'http://127.0.0.1:5000/play/','2018-09-09 11:51:28','http://127.0.0.1:5000/play/','POST','play.index','Mozilla/5.0 (Macintosh; Intel Mac OS X 10_13_6) AppleWebKit/537.36 (KHTML, like Gecko) Chrome/68.0.3440.106 Safari/537.36','127.0.0.1'),(270,'http://127.0.0.1:5000/play/','2018-09-09 11:51:28','http://127.0.0.1:5000/play/','GET','play.index','Mozilla/5.0 (Macintosh; Intel Mac OS X 10_13_6) AppleWebKit/537.36 (KHTML, like Gecko) Chrome/68.0.3440.106 Safari/537.36','127.0.0.1'),(271,'http://127.0.0.1:5000/play/','2018-09-09 11:51:30','http://127.0.0.1:5000/play/','POST','play.index','Mozilla/5.0 (Macintosh; Intel Mac OS X 10_13_6) AppleWebKit/537.36 (KHTML, like Gecko) Chrome/68.0.3440.106 Safari/537.36','127.0.0.1'),(272,'http://127.0.0.1:5000/play/','2018-09-09 11:51:30','http://127.0.0.1:5000/play/','GET','play.index','Mozilla/5.0 (Macintosh; Intel Mac OS X 10_13_6) AppleWebKit/537.36 (KHTML, like Gecko) Chrome/68.0.3440.106 Safari/537.36','127.0.0.1'),(273,'http://127.0.0.1:5000/play/','2018-09-09 11:51:31','http://127.0.0.1:5000/play/','POST','play.index','Mozilla/5.0 (Macintosh; Intel Mac OS X 10_13_6) AppleWebKit/537.36 (KHTML, like Gecko) Chrome/68.0.3440.106 Safari/537.36','127.0.0.1'),(274,'http://127.0.0.1:5000/play/','2018-09-09 11:51:31','http://127.0.0.1:5000/play/','GET','play.index','Mozilla/5.0 (Macintosh; Intel Mac OS X 10_13_6) AppleWebKit/537.36 (KHTML, like Gecko) Chrome/68.0.3440.106 Safari/537.36','127.0.0.1'),(275,'http://127.0.0.1:5000/play/','2018-09-09 11:51:31','http://127.0.0.1:5000/play/','POST','play.index','Mozilla/5.0 (Macintosh; Intel Mac OS X 10_13_6) AppleWebKit/537.36 (KHTML, like Gecko) Chrome/68.0.3440.106 Safari/537.36','127.0.0.1'),(276,'http://127.0.0.1:5000/play/','2018-09-09 11:51:31','http://127.0.0.1:5000/play/','GET','play.index','Mozilla/5.0 (Macintosh; Intel Mac OS X 10_13_6) AppleWebKit/537.36 (KHTML, like Gecko) Chrome/68.0.3440.106 Safari/537.36','127.0.0.1'),(277,'http://127.0.0.1:5000/play/','2018-09-09 11:51:31','http://127.0.0.1:5000/play/','POST','play.index','Mozilla/5.0 (Macintosh; Intel Mac OS X 10_13_6) AppleWebKit/537.36 (KHTML, like Gecko) Chrome/68.0.3440.106 Safari/537.36','127.0.0.1'),(278,'http://127.0.0.1:5000/play/','2018-09-09 11:51:31','http://127.0.0.1:5000/play/','GET','play.index','Mozilla/5.0 (Macintosh; Intel Mac OS X 10_13_6) AppleWebKit/537.36 (KHTML, like Gecko) Chrome/68.0.3440.106 Safari/537.36','127.0.0.1'),(279,'http://127.0.0.1:5000/play/','2018-09-09 11:51:32','http://127.0.0.1:5000/play/','POST','play.index','Mozilla/5.0 (Macintosh; Intel Mac OS X 10_13_6) AppleWebKit/537.36 (KHTML, like Gecko) Chrome/68.0.3440.106 Safari/537.36','127.0.0.1'),(280,'http://127.0.0.1:5000/play/','2018-09-09 11:51:32','http://127.0.0.1:5000/play/','GET','play.index','Mozilla/5.0 (Macintosh; Intel Mac OS X 10_13_6) AppleWebKit/537.36 (KHTML, like Gecko) Chrome/68.0.3440.106 Safari/537.36','127.0.0.1'),(281,'http://127.0.0.1:5000/play/','2018-09-09 11:51:32','http://127.0.0.1:5000/play/','POST','play.index','Mozilla/5.0 (Macintosh; Intel Mac OS X 10_13_6) AppleWebKit/537.36 (KHTML, like Gecko) Chrome/68.0.3440.106 Safari/537.36','127.0.0.1'),(282,'http://127.0.0.1:5000/play/','2018-09-09 11:51:32','http://127.0.0.1:5000/play/','GET','play.index','Mozilla/5.0 (Macintosh; Intel Mac OS X 10_13_6) AppleWebKit/537.36 (KHTML, like Gecko) Chrome/68.0.3440.106 Safari/537.36','127.0.0.1'),(283,'http://127.0.0.1:5000/play/','2018-09-09 11:51:32','http://127.0.0.1:5000/play/','POST','play.index','Mozilla/5.0 (Macintosh; Intel Mac OS X 10_13_6) AppleWebKit/537.36 (KHTML, like Gecko) Chrome/68.0.3440.106 Safari/537.36','127.0.0.1'),(284,'http://127.0.0.1:5000/play/','2018-09-09 11:51:32','http://127.0.0.1:5000/play/','GET','play.index','Mozilla/5.0 (Macintosh; Intel Mac OS X 10_13_6) AppleWebKit/537.36 (KHTML, like Gecko) Chrome/68.0.3440.106 Safari/537.36','127.0.0.1'),(285,'http://127.0.0.1:5000/play/','2018-09-09 11:51:32','http://127.0.0.1:5000/play/','POST','play.index','Mozilla/5.0 (Macintosh; Intel Mac OS X 10_13_6) AppleWebKit/537.36 (KHTML, like Gecko) Chrome/68.0.3440.106 Safari/537.36','127.0.0.1'),(286,'http://127.0.0.1:5000/play/','2018-09-09 11:51:32','http://127.0.0.1:5000/play/','GET','play.index','Mozilla/5.0 (Macintosh; Intel Mac OS X 10_13_6) AppleWebKit/537.36 (KHTML, like Gecko) Chrome/68.0.3440.106 Safari/537.36','127.0.0.1'),(287,'http://127.0.0.1:5000/play/','2018-09-09 11:51:32','http://127.0.0.1:5000/play/','POST','play.index','Mozilla/5.0 (Macintosh; Intel Mac OS X 10_13_6) AppleWebKit/537.36 (KHTML, like Gecko) Chrome/68.0.3440.106 Safari/537.36','127.0.0.1'),(288,'http://127.0.0.1:5000/play/','2018-09-09 11:51:32','http://127.0.0.1:5000/play/','GET','play.index','Mozilla/5.0 (Macintosh; Intel Mac OS X 10_13_6) AppleWebKit/537.36 (KHTML, like Gecko) Chrome/68.0.3440.106 Safari/537.36','127.0.0.1'),(289,'http://127.0.0.1:5000/play/','2018-09-09 11:51:33','http://127.0.0.1:5000/play/','POST','play.index','Mozilla/5.0 (Macintosh; Intel Mac OS X 10_13_6) AppleWebKit/537.36 (KHTML, like Gecko) Chrome/68.0.3440.106 Safari/537.36','127.0.0.1'),(290,'http://127.0.0.1:5000/play/','2018-09-09 11:51:33','http://127.0.0.1:5000/play/','GET','play.index','Mozilla/5.0 (Macintosh; Intel Mac OS X 10_13_6) AppleWebKit/537.36 (KHTML, like Gecko) Chrome/68.0.3440.106 Safari/537.36','127.0.0.1'),(291,'http://127.0.0.1:5000/play/','2018-09-09 11:51:33','http://127.0.0.1:5000/play/','POST','play.index','Mozilla/5.0 (Macintosh; Intel Mac OS X 10_13_6) AppleWebKit/537.36 (KHTML, like Gecko) Chrome/68.0.3440.106 Safari/537.36','127.0.0.1'),(292,'http://127.0.0.1:5000/play/','2018-09-09 11:51:33','http://127.0.0.1:5000/play/','GET','play.index','Mozilla/5.0 (Macintosh; Intel Mac OS X 10_13_6) AppleWebKit/537.36 (KHTML, like Gecko) Chrome/68.0.3440.106 Safari/537.36','127.0.0.1'),(293,'http://127.0.0.1:5000/play/','2018-09-09 11:56:33','http://127.0.0.1:5000/play/','POST','play.index','Mozilla/5.0 (Macintosh; Intel Mac OS X 10_13_6) AppleWebKit/537.36 (KHTML, like Gecko) Chrome/68.0.3440.106 Safari/537.36','127.0.0.1'),(294,'http://127.0.0.1:5000/play/','2018-09-09 11:56:33','http://127.0.0.1:5000/play/','GET','play.index','Mozilla/5.0 (Macintosh; Intel Mac OS X 10_13_6) AppleWebKit/537.36 (KHTML, like Gecko) Chrome/68.0.3440.106 Safari/537.36','127.0.0.1'),(295,'http://127.0.0.1:5000/play/','2018-09-09 11:57:10','http://127.0.0.1:5000/play/','POST','play.index','Mozilla/5.0 (Macintosh; Intel Mac OS X 10_13_6) AppleWebKit/537.36 (KHTML, like Gecko) Chrome/68.0.3440.106 Safari/537.36','127.0.0.1'),(296,'http://127.0.0.1:5000/play/','2018-09-09 11:57:10','http://127.0.0.1:5000/play/','GET','play.index','Mozilla/5.0 (Macintosh; Intel Mac OS X 10_13_6) AppleWebKit/537.36 (KHTML, like Gecko) Chrome/68.0.3440.106 Safari/537.36','127.0.0.1'),(297,'http://127.0.0.1:5000/','2018-09-12 15:46:39','','GET','main.index','Mozilla/5.0 (Macintosh; Intel Mac OS X 10_13_6) AppleWebKit/537.36 (KHTML, like Gecko) Chrome/68.0.3440.106 Safari/537.36','127.0.0.1'),(298,'http://127.0.0.1:5000/post/103','2018-09-12 15:46:46','http://127.0.0.1:5000/','GET','main.post','Mozilla/5.0 (Macintosh; Intel Mac OS X 10_13_6) AppleWebKit/537.36 (KHTML, like Gecko) Chrome/68.0.3440.106 Safari/537.36','127.0.0.1'),(299,'http://127.0.0.1:5000/','2018-09-12 15:46:48','http://127.0.0.1:5000/post/103','GET','main.index','Mozilla/5.0 (Macintosh; Intel Mac OS X 10_13_6) AppleWebKit/537.36 (KHTML, like Gecko) Chrome/68.0.3440.106 Safari/537.36','127.0.0.1'),(300,'http://127.0.0.1:5000/?page=20','2018-09-12 15:46:50','http://127.0.0.1:5000/','GET','main.index','Mozilla/5.0 (Macintosh; Intel Mac OS X 10_13_6) AppleWebKit/537.36 (KHTML, like Gecko) Chrome/68.0.3440.106 Safari/537.36','127.0.0.1'),(301,'http://127.0.0.1:5000/auth/login','2018-09-12 15:47:20','http://127.0.0.1:5000/?page=20','GET','auth.login','Mozilla/5.0 (Macintosh; Intel Mac OS X 10_13_6) AppleWebKit/537.36 (KHTML, like Gecko) Chrome/68.0.3440.106 Safari/537.36','127.0.0.1'),(302,'http://127.0.0.1:5000/auth/register','2018-09-12 15:47:31','http://127.0.0.1:5000/auth/login','GET','auth.register','Mozilla/5.0 (Macintosh; Intel Mac OS X 10_13_6) AppleWebKit/537.36 (KHTML, like Gecko) Chrome/68.0.3440.106 Safari/537.36','127.0.0.1'),(303,'http://127.0.0.1:5000/play/','2018-09-12 15:47:40','','GET','play.index','Mozilla/5.0 (Macintosh; Intel Mac OS X 10_13_6) AppleWebKit/537.36 (KHTML, like Gecko) Chrome/68.0.3440.106 Safari/537.36','127.0.0.1'),(304,'http://127.0.0.1:5000/play/','2018-09-12 15:49:20','http://127.0.0.1:5000/play/','POST','play.index','Mozilla/5.0 (Macintosh; Intel Mac OS X 10_13_6) AppleWebKit/537.36 (KHTML, like Gecko) Chrome/68.0.3440.106 Safari/537.36','127.0.0.1'),(305,'http://127.0.0.1:5000/play/','2018-09-12 15:49:21','http://127.0.0.1:5000/play/','GET','play.index','Mozilla/5.0 (Macintosh; Intel Mac OS X 10_13_6) AppleWebKit/537.36 (KHTML, like Gecko) Chrome/68.0.3440.106 Safari/537.36','127.0.0.1'),(306,'http://127.0.0.1:5000/play/','2018-09-12 15:50:51','http://127.0.0.1:5000/play/','POST','play.index','Mozilla/5.0 (Macintosh; Intel Mac OS X 10_13_6) AppleWebKit/537.36 (KHTML, like Gecko) Chrome/68.0.3440.106 Safari/537.36','127.0.0.1'),(307,'http://127.0.0.1:5000/play/','2018-09-12 15:50:51','http://127.0.0.1:5000/play/','GET','play.index','Mozilla/5.0 (Macintosh; Intel Mac OS X 10_13_6) AppleWebKit/537.36 (KHTML, like Gecko) Chrome/68.0.3440.106 Safari/537.36','127.0.0.1'),(308,'http://127.0.0.1:5000/play/','2018-09-12 16:03:08','http://127.0.0.1:5000/play/','POST','play.index','Mozilla/5.0 (Macintosh; Intel Mac OS X 10_13_6) AppleWebKit/537.36 (KHTML, like Gecko) Chrome/68.0.3440.106 Safari/537.36','127.0.0.1'),(309,'http://127.0.0.1:5000/play/','2018-09-12 16:03:09','http://127.0.0.1:5000/play/','GET','play.index','Mozilla/5.0 (Macintosh; Intel Mac OS X 10_13_6) AppleWebKit/537.36 (KHTML, like Gecko) Chrome/68.0.3440.106 Safari/537.36','127.0.0.1'),(310,'http://127.0.0.1:5000/play/','2018-09-12 16:07:58','http://127.0.0.1:5000/play/','GET','play.index','Mozilla/5.0 (Macintosh; Intel Mac OS X 10_13_6) AppleWebKit/537.36 (KHTML, like Gecko) Chrome/68.0.3440.106 Safari/537.36','127.0.0.1'),(311,'http://127.0.0.1:5000/play/','2018-09-12 16:07:59','http://127.0.0.1:5000/play/','POST','play.index','Mozilla/5.0 (Macintosh; Intel Mac OS X 10_13_6) AppleWebKit/537.36 (KHTML, like Gecko) Chrome/68.0.3440.106 Safari/537.36','127.0.0.1'),(312,'http://127.0.0.1:5000/play/','2018-09-12 16:07:59','http://127.0.0.1:5000/play/','GET','play.index','Mozilla/5.0 (Macintosh; Intel Mac OS X 10_13_6) AppleWebKit/537.36 (KHTML, like Gecko) Chrome/68.0.3440.106 Safari/537.36','127.0.0.1'),(313,'http://127.0.0.1:5000/play/','2018-09-12 16:09:44','http://127.0.0.1:5000/play/','GET','play.index','Mozilla/5.0 (Macintosh; Intel Mac OS X 10_13_6) AppleWebKit/537.36 (KHTML, like Gecko) Chrome/68.0.3440.106 Safari/537.36','127.0.0.1'),(314,'http://127.0.0.1:5000/play/','2018-09-12 16:09:46','http://127.0.0.1:5000/play/','POST','play.index','Mozilla/5.0 (Macintosh; Intel Mac OS X 10_13_6) AppleWebKit/537.36 (KHTML, like Gecko) Chrome/68.0.3440.106 Safari/537.36','127.0.0.1'),(315,'http://127.0.0.1:5000/play/','2018-09-12 16:09:46','http://127.0.0.1:5000/play/','GET','play.index','Mozilla/5.0 (Macintosh; Intel Mac OS X 10_13_6) AppleWebKit/537.36 (KHTML, like Gecko) Chrome/68.0.3440.106 Safari/537.36','127.0.0.1'),(316,'http://127.0.0.1:5000/play/','2018-09-12 16:11:29','http://127.0.0.1:5000/play/','GET','play.index','Mozilla/5.0 (Macintosh; Intel Mac OS X 10_13_6) AppleWebKit/537.36 (KHTML, like Gecko) Chrome/68.0.3440.106 Safari/537.36','127.0.0.1'),(317,'http://127.0.0.1:5000/play/','2018-09-12 16:11:31','http://127.0.0.1:5000/play/','POST','play.index','Mozilla/5.0 (Macintosh; Intel Mac OS X 10_13_6) AppleWebKit/537.36 (KHTML, like Gecko) Chrome/68.0.3440.106 Safari/537.36','127.0.0.1'),(318,'http://127.0.0.1:5000/play/','2018-09-12 16:11:31','http://127.0.0.1:5000/play/','GET','play.index','Mozilla/5.0 (Macintosh; Intel Mac OS X 10_13_6) AppleWebKit/537.36 (KHTML, like Gecko) Chrome/68.0.3440.106 Safari/537.36','127.0.0.1'),(319,'http://127.0.0.1:5000/','2018-09-12 16:16:45','','GET','main.index','Mozilla/5.0 (Macintosh; Intel Mac OS X 10_13_6) AppleWebKit/537.36 (KHTML, like Gecko) Chrome/68.0.3440.106 Safari/537.36','127.0.0.1'),(320,'http://127.0.0.1:5000/play/','2018-09-12 16:16:50','','GET','play.index','Mozilla/5.0 (Macintosh; Intel Mac OS X 10_13_6) AppleWebKit/537.36 (KHTML, like Gecko) Chrome/68.0.3440.106 Safari/537.36','127.0.0.1'),(321,'http://127.0.0.1:5000/play/','2018-09-12 16:16:51','','GET','play.index','Mozilla/5.0 (Macintosh; Intel Mac OS X 10_13_6) AppleWebKit/537.36 (KHTML, like Gecko) Chrome/68.0.3440.106 Safari/537.36','127.0.0.1'),(322,'http://127.0.0.1:5000/play/','2018-09-12 16:16:52','http://127.0.0.1:5000/play/','POST','play.index','Mozilla/5.0 (Macintosh; Intel Mac OS X 10_13_6) AppleWebKit/537.36 (KHTML, like Gecko) Chrome/68.0.3440.106 Safari/537.36','127.0.0.1'),(323,'http://127.0.0.1:5000/play/','2018-09-12 16:16:53','http://127.0.0.1:5000/play/','GET','play.index','Mozilla/5.0 (Macintosh; Intel Mac OS X 10_13_6) AppleWebKit/537.36 (KHTML, like Gecko) Chrome/68.0.3440.106 Safari/537.36','127.0.0.1'),(324,'http://127.0.0.1:5000/play/','2018-09-12 16:18:51','http://127.0.0.1:5000/play/','GET','play.index','Mozilla/5.0 (Macintosh; Intel Mac OS X 10_13_6) AppleWebKit/537.36 (KHTML, like Gecko) Chrome/68.0.3440.106 Safari/537.36','127.0.0.1'),(325,'http://127.0.0.1:5000/play/','2018-09-12 16:18:58','http://127.0.0.1:5000/play/','POST','play.index','Mozilla/5.0 (Macintosh; Intel Mac OS X 10_13_6) AppleWebKit/537.36 (KHTML, like Gecko) Chrome/68.0.3440.106 Safari/537.36','127.0.0.1'),(326,'http://127.0.0.1:5000/play/','2018-09-12 16:18:58','http://127.0.0.1:5000/play/','GET','play.index','Mozilla/5.0 (Macintosh; Intel Mac OS X 10_13_6) AppleWebKit/537.36 (KHTML, like Gecko) Chrome/68.0.3440.106 Safari/537.36','127.0.0.1'),(327,'http://127.0.0.1:5000/play/','2018-09-12 16:19:11','http://127.0.0.1:5000/play/','POST','play.index','Mozilla/5.0 (Macintosh; Intel Mac OS X 10_13_6) AppleWebKit/537.36 (KHTML, like Gecko) Chrome/68.0.3440.106 Safari/537.36','127.0.0.1'),(328,'http://127.0.0.1:5000/play/','2018-09-12 16:19:11','http://127.0.0.1:5000/play/','GET','play.index','Mozilla/5.0 (Macintosh; Intel Mac OS X 10_13_6) AppleWebKit/537.36 (KHTML, like Gecko) Chrome/68.0.3440.106 Safari/537.36','127.0.0.1'),(329,'http://127.0.0.1:5000/play/','2018-09-12 16:20:31','http://127.0.0.1:5000/play/','GET','play.index','Mozilla/5.0 (Macintosh; Intel Mac OS X 10_13_6) AppleWebKit/537.36 (KHTML, like Gecko) Chrome/68.0.3440.106 Safari/537.36','127.0.0.1'),(330,'http://127.0.0.1:5000/play/','2018-09-12 16:20:33','http://127.0.0.1:5000/play/','POST','play.index','Mozilla/5.0 (Macintosh; Intel Mac OS X 10_13_6) AppleWebKit/537.36 (KHTML, like Gecko) Chrome/68.0.3440.106 Safari/537.36','127.0.0.1'),(331,'http://127.0.0.1:5000/play/','2018-09-12 16:20:33','http://127.0.0.1:5000/play/','GET','play.index','Mozilla/5.0 (Macintosh; Intel Mac OS X 10_13_6) AppleWebKit/537.36 (KHTML, like Gecko) Chrome/68.0.3440.106 Safari/537.36','127.0.0.1'),(332,'http://127.0.0.1:5000/play/','2018-09-12 16:20:54','http://127.0.0.1:5000/play/','GET','play.index','Mozilla/5.0 (Macintosh; Intel Mac OS X 10_13_6) AppleWebKit/537.36 (KHTML, like Gecko) Chrome/68.0.3440.106 Safari/537.36','127.0.0.1'),(333,'http://127.0.0.1:5000/play/','2018-09-12 16:20:56','http://127.0.0.1:5000/play/','POST','play.index','Mozilla/5.0 (Macintosh; Intel Mac OS X 10_13_6) AppleWebKit/537.36 (KHTML, like Gecko) Chrome/68.0.3440.106 Safari/537.36','127.0.0.1'),(334,'http://127.0.0.1:5000/play/','2018-09-12 16:20:57','http://127.0.0.1:5000/play/','GET','play.index','Mozilla/5.0 (Macintosh; Intel Mac OS X 10_13_6) AppleWebKit/537.36 (KHTML, like Gecko) Chrome/68.0.3440.106 Safari/537.36','127.0.0.1'),(335,'http://127.0.0.1:5000/play/','2018-09-12 16:22:09','http://127.0.0.1:5000/play/','GET','play.index','Mozilla/5.0 (Macintosh; Intel Mac OS X 10_13_6) AppleWebKit/537.36 (KHTML, like Gecko) Chrome/68.0.3440.106 Safari/537.36','127.0.0.1'),(336,'http://127.0.0.1:5000/play/','2018-09-12 16:22:13','http://127.0.0.1:5000/play/','POST','play.index','Mozilla/5.0 (Macintosh; Intel Mac OS X 10_13_6) AppleWebKit/537.36 (KHTML, like Gecko) Chrome/68.0.3440.106 Safari/537.36','127.0.0.1'),(337,'http://127.0.0.1:5000/play/','2018-09-12 16:22:55','http://127.0.0.1:5000/play/','POST','play.index','Mozilla/5.0 (Macintosh; Intel Mac OS X 10_13_6) AppleWebKit/537.36 (KHTML, like Gecko) Chrome/68.0.3440.106 Safari/537.36','127.0.0.1'),(338,'http://127.0.0.1:5000/','2018-09-12 16:24:16','','GET','main.index','Mozilla/5.0 (Macintosh; Intel Mac OS X 10_13_6) AppleWebKit/537.36 (KHTML, like Gecko) Chrome/68.0.3440.106 Safari/537.36','127.0.0.1'),(339,'http://127.0.0.1:5000/play/','2018-09-12 16:24:20','','GET','play.index','Mozilla/5.0 (Macintosh; Intel Mac OS X 10_13_6) AppleWebKit/537.36 (KHTML, like Gecko) Chrome/68.0.3440.106 Safari/537.36','127.0.0.1'),(340,'http://127.0.0.1:5000/play/','2018-09-12 16:24:22','','GET','play.index','Mozilla/5.0 (Macintosh; Intel Mac OS X 10_13_6) AppleWebKit/537.36 (KHTML, like Gecko) Chrome/68.0.3440.106 Safari/537.36','127.0.0.1'),(341,'http://127.0.0.1:5000/play/','2018-09-12 16:24:23','http://127.0.0.1:5000/play/','POST','play.index','Mozilla/5.0 (Macintosh; Intel Mac OS X 10_13_6) AppleWebKit/537.36 (KHTML, like Gecko) Chrome/68.0.3440.106 Safari/537.36','127.0.0.1'),(342,'http://127.0.0.1:5000/play/','2018-09-12 16:29:26','http://127.0.0.1:5000/play/','POST','play.index','Mozilla/5.0 (Macintosh; Intel Mac OS X 10_13_6) AppleWebKit/537.36 (KHTML, like Gecko) Chrome/68.0.3440.106 Safari/537.36','127.0.0.1'),(343,'http://127.0.0.1:5000/play/','2018-09-12 16:29:27','http://127.0.0.1:5000/play/','GET','play.index','Mozilla/5.0 (Macintosh; Intel Mac OS X 10_13_6) AppleWebKit/537.36 (KHTML, like Gecko) Chrome/68.0.3440.106 Safari/537.36','127.0.0.1'),(344,'http://127.0.0.1:5000/play/','2018-09-12 16:29:29','http://127.0.0.1:5000/play/','POST','play.index','Mozilla/5.0 (Macintosh; Intel Mac OS X 10_13_6) AppleWebKit/537.36 (KHTML, like Gecko) Chrome/68.0.3440.106 Safari/537.36','127.0.0.1'),(345,'http://127.0.0.1:5000/play/','2018-09-12 16:29:29','http://127.0.0.1:5000/play/','GET','play.index','Mozilla/5.0 (Macintosh; Intel Mac OS X 10_13_6) AppleWebKit/537.36 (KHTML, like Gecko) Chrome/68.0.3440.106 Safari/537.36','127.0.0.1'),(346,'http://127.0.0.1:5000/','2018-09-15 03:34:05','','GET','main.index','Mozilla/5.0 (Macintosh; Intel Mac OS X 10_13_6) AppleWebKit/537.36 (KHTML, like Gecko) Chrome/69.0.3497.92 Safari/537.36','127.0.0.1'),(347,'http://127.0.0.1:5000/','2018-09-15 03:44:50','','GET','main.index','Mozilla/5.0 (Macintosh; Intel Mac OS X 10_13_6) AppleWebKit/537.36 (KHTML, like Gecko) Chrome/69.0.3497.92 Safari/537.36','127.0.0.1'),(348,'http://127.0.0.1:5000/all','2018-09-15 03:44:55','http://127.0.0.1:5000/','GET','main.show_all','Mozilla/5.0 (Macintosh; Intel Mac OS X 10_13_6) AppleWebKit/537.36 (KHTML, like Gecko) Chrome/69.0.3497.92 Safari/537.36','127.0.0.1'),(349,'http://127.0.0.1:5000/auth/login?next=%2Fall','2018-09-15 03:44:55','http://127.0.0.1:5000/','GET','auth.login','Mozilla/5.0 (Macintosh; Intel Mac OS X 10_13_6) AppleWebKit/537.36 (KHTML, like Gecko) Chrome/69.0.3497.92 Safari/537.36','127.0.0.1'),(350,'http://127.0.0.1:5000/auth/login?next=%2Fall','2018-09-15 03:44:57','http://127.0.0.1:5000/auth/login?next=%2Fall','POST','auth.login','Mozilla/5.0 (Macintosh; Intel Mac OS X 10_13_6) AppleWebKit/537.36 (KHTML, like Gecko) Chrome/69.0.3497.92 Safari/537.36','127.0.0.1'),(351,'http://127.0.0.1:5000/all','2018-09-15 03:44:57','http://127.0.0.1:5000/auth/login?next=%2Fall','GET','main.show_all','Mozilla/5.0 (Macintosh; Intel Mac OS X 10_13_6) AppleWebKit/537.36 (KHTML, like Gecko) Chrome/69.0.3497.92 Safari/537.36','127.0.0.1'),(352,'http://127.0.0.1:5000/','2018-09-15 03:44:57','http://127.0.0.1:5000/auth/login?next=%2Fall','GET','main.index','Mozilla/5.0 (Macintosh; Intel Mac OS X 10_13_6) AppleWebKit/537.36 (KHTML, like Gecko) Chrome/69.0.3497.92 Safari/537.36','127.0.0.1'),(353,'http://127.0.0.1:5000/post-article','2018-09-15 03:44:58','http://127.0.0.1:5000/','GET','main.post_article','Mozilla/5.0 (Macintosh; Intel Mac OS X 10_13_6) AppleWebKit/537.36 (KHTML, like Gecko) Chrome/69.0.3497.92 Safari/537.36','127.0.0.1'),(354,'http://127.0.0.1:5000/task_queue','2018-09-15 03:44:59','http://127.0.0.1:5000/post-article','GET','main.tasks','Mozilla/5.0 (Macintosh; Intel Mac OS X 10_13_6) AppleWebKit/537.36 (KHTML, like Gecko) Chrome/69.0.3497.92 Safari/537.36','127.0.0.1'),(355,'http://127.0.0.1:5000/play/','2018-09-15 03:45:04','','GET','play.index','Mozilla/5.0 (Macintosh; Intel Mac OS X 10_13_6) AppleWebKit/537.36 (KHTML, like Gecko) Chrome/69.0.3497.92 Safari/537.36','127.0.0.1'),(356,'http://127.0.0.1:5000/','2018-09-15 04:33:21','','GET','main.index','Mozilla/5.0 (Macintosh; Intel Mac OS X 10_13_6) AppleWebKit/537.36 (KHTML, like Gecko) Chrome/69.0.3497.92 Safari/537.36','127.0.0.1'),(357,'http://127.0.0.1:5000/','2018-09-15 04:37:22','','GET','main.index','Mozilla/5.0 (Macintosh; Intel Mac OS X 10_13_6) AppleWebKit/537.36 (KHTML, like Gecko) Chrome/69.0.3497.92 Safari/537.36','127.0.0.1'),(358,'http://127.0.0.1:5000/','2018-09-15 04:37:54','','GET','main.index','Mozilla/5.0 (Macintosh; Intel Mac OS X 10_13_6) AppleWebKit/537.36 (KHTML, like Gecko) Chrome/69.0.3497.92 Safari/537.36','127.0.0.1'),(359,'http://127.0.0.1:5000/user/Icecola','2018-09-15 04:38:05','http://127.0.0.1:5000/','GET','main.user','Mozilla/5.0 (Macintosh; Intel Mac OS X 10_13_6) AppleWebKit/537.36 (KHTML, like Gecko) Chrome/69.0.3497.92 Safari/537.36','127.0.0.1'),(360,'http://127.0.0.1:5000/','2018-09-15 04:38:10','http://127.0.0.1:5000/user/Icecola','GET','main.index','Mozilla/5.0 (Macintosh; Intel Mac OS X 10_13_6) AppleWebKit/537.36 (KHTML, like Gecko) Chrome/69.0.3497.92 Safari/537.36','127.0.0.1'),(361,'http://127.0.0.1:5000/','2018-09-15 04:38:28','http://127.0.0.1:5000/user/Icecola','GET','main.index','Mozilla/5.0 (Macintosh; Intel Mac OS X 10_13_6) AppleWebKit/537.36 (KHTML, like Gecko) Chrome/69.0.3497.92 Safari/537.36','127.0.0.1'),(362,'http://127.0.0.1:5000/','2018-09-15 04:38:29','http://127.0.0.1:5000/user/Icecola','GET','main.index','Mozilla/5.0 (Macintosh; Intel Mac OS X 10_13_6) AppleWebKit/537.36 (KHTML, like Gecko) Chrome/69.0.3497.92 Safari/537.36','127.0.0.1'),(363,'http://127.0.0.1:5000/','2018-09-15 04:38:30','http://127.0.0.1:5000/user/Icecola','GET','main.index','Mozilla/5.0 (Macintosh; Intel Mac OS X 10_13_6) AppleWebKit/537.36 (KHTML, like Gecko) Chrome/69.0.3497.92 Safari/537.36','127.0.0.1'),(364,'http://127.0.0.1:5000/auth/login','2018-09-15 05:43:09','http://127.0.0.1:5000/','GET','auth.login','Mozilla/5.0 (Macintosh; Intel Mac OS X 10_13_6) AppleWebKit/537.36 (KHTML, like Gecko) Chrome/69.0.3497.92 Safari/537.36','127.0.0.1'),(365,'http://127.0.0.1:5000/','2018-09-15 05:43:10','http://127.0.0.1:5000/auth/login','GET','main.index','Mozilla/5.0 (Macintosh; Intel Mac OS X 10_13_6) AppleWebKit/537.36 (KHTML, like Gecko) Chrome/69.0.3497.92 Safari/537.36','127.0.0.1'),(366,'http://127.0.0.1:5000/post/103','2018-09-15 05:43:12','http://127.0.0.1:5000/','GET','main.post','Mozilla/5.0 (Macintosh; Intel Mac OS X 10_13_6) AppleWebKit/537.36 (KHTML, like Gecko) Chrome/69.0.3497.92 Safari/537.36','127.0.0.1'),(367,'http://127.0.0.1:5000/moderate','2018-09-15 05:43:16','http://127.0.0.1:5000/post/103','GET','main.moderate','Mozilla/5.0 (Macintosh; Intel Mac OS X 10_13_6) AppleWebKit/537.36 (KHTML, like Gecko) Chrome/69.0.3497.92 Safari/537.36','127.0.0.1'),(368,'http://127.0.0.1:5000/messages','2018-09-15 05:43:17','http://127.0.0.1:5000/moderate','GET','main.messages','Mozilla/5.0 (Macintosh; Intel Mac OS X 10_13_6) AppleWebKit/537.36 (KHTML, like Gecko) Chrome/69.0.3497.92 Safari/537.36','127.0.0.1'),(369,'http://127.0.0.1:5000/post-article','2018-09-15 05:43:19','http://127.0.0.1:5000/messages','GET','main.post_article','Mozilla/5.0 (Macintosh; Intel Mac OS X 10_13_6) AppleWebKit/537.36 (KHTML, like Gecko) Chrome/69.0.3497.92 Safari/537.36','127.0.0.1'),(370,'http://127.0.0.1:5000/','2018-09-15 05:43:24','http://127.0.0.1:5000/post-article','GET','main.index','Mozilla/5.0 (Macintosh; Intel Mac OS X 10_13_6) AppleWebKit/537.36 (KHTML, like Gecko) Chrome/69.0.3497.92 Safari/537.36','127.0.0.1'),(371,'http://127.0.0.1:5000/messages','2018-09-15 05:43:28','http://127.0.0.1:5000/','GET','main.messages','Mozilla/5.0 (Macintosh; Intel Mac OS X 10_13_6) AppleWebKit/537.36 (KHTML, like Gecko) Chrome/69.0.3497.92 Safari/537.36','127.0.0.1'),(372,'http://127.0.0.1:5000/user/Icecola','2018-09-15 05:43:30','http://127.0.0.1:5000/messages','GET','main.user','Mozilla/5.0 (Macintosh; Intel Mac OS X 10_13_6) AppleWebKit/537.36 (KHTML, like Gecko) Chrome/69.0.3497.92 Safari/537.36','127.0.0.1'),(373,'http://127.0.0.1:5000/','2018-09-15 05:43:31','http://127.0.0.1:5000/user/Icecola','GET','main.index','Mozilla/5.0 (Macintosh; Intel Mac OS X 10_13_6) AppleWebKit/537.36 (KHTML, like Gecko) Chrome/69.0.3497.92 Safari/537.36','127.0.0.1'),(374,'http://127.0.0.1:5000/post/19','2018-09-15 05:43:32','http://127.0.0.1:5000/','GET','main.post','Mozilla/5.0 (Macintosh; Intel Mac OS X 10_13_6) AppleWebKit/537.36 (KHTML, like Gecko) Chrome/69.0.3497.92 Safari/537.36','127.0.0.1'),(375,'http://127.0.0.1:5000/user/karen72','2018-09-15 05:43:35','http://127.0.0.1:5000/post/19','GET','main.user','Mozilla/5.0 (Macintosh; Intel Mac OS X 10_13_6) AppleWebKit/537.36 (KHTML, like Gecko) Chrome/69.0.3497.92 Safari/537.36','127.0.0.1'),(376,'http://127.0.0.1:5000/send_message/karen72','2018-09-15 05:43:38','http://127.0.0.1:5000/user/karen72','GET','main.send_message','Mozilla/5.0 (Macintosh; Intel Mac OS X 10_13_6) AppleWebKit/537.36 (KHTML, like Gecko) Chrome/69.0.3497.92 Safari/537.36','127.0.0.1'),(377,'http://127.0.0.1:5000/','2018-09-15 05:43:39','http://127.0.0.1:5000/send_message/karen72','GET','main.index','Mozilla/5.0 (Macintosh; Intel Mac OS X 10_13_6) AppleWebKit/537.36 (KHTML, like Gecko) Chrome/69.0.3497.92 Safari/537.36','127.0.0.1'),(378,'http://127.0.0.1:5000/all','2018-09-15 05:43:40','http://127.0.0.1:5000/','GET','main.show_all','Mozilla/5.0 (Macintosh; Intel Mac OS X 10_13_6) AppleWebKit/537.36 (KHTML, like Gecko) Chrome/69.0.3497.92 Safari/537.36','127.0.0.1'),(379,'http://127.0.0.1:5000/','2018-09-15 05:43:40','http://127.0.0.1:5000/','GET','main.index','Mozilla/5.0 (Macintosh; Intel Mac OS X 10_13_6) AppleWebKit/537.36 (KHTML, like Gecko) Chrome/69.0.3497.92 Safari/537.36','127.0.0.1'),(380,'http://127.0.0.1:5000/show_followed','2018-09-15 05:43:41','http://127.0.0.1:5000/','GET','main.show_followed','Mozilla/5.0 (Macintosh; Intel Mac OS X 10_13_6) AppleWebKit/537.36 (KHTML, like Gecko) Chrome/69.0.3497.92 Safari/537.36','127.0.0.1'),(381,'http://127.0.0.1:5000/','2018-09-15 05:43:41','http://127.0.0.1:5000/','GET','main.index','Mozilla/5.0 (Macintosh; Intel Mac OS X 10_13_6) AppleWebKit/537.36 (KHTML, like Gecko) Chrome/69.0.3497.92 Safari/537.36','127.0.0.1'),(382,'http://127.0.0.1:5000/user/Icecola','2018-09-15 05:43:42','http://127.0.0.1:5000/','GET','main.user','Mozilla/5.0 (Macintosh; Intel Mac OS X 10_13_6) AppleWebKit/537.36 (KHTML, like Gecko) Chrome/69.0.3497.92 Safari/537.36','127.0.0.1'),(383,'http://127.0.0.1:5000/user/Icecola','2018-09-15 05:43:43','http://127.0.0.1:5000/user/Icecola','GET','main.user','Mozilla/5.0 (Macintosh; Intel Mac OS X 10_13_6) AppleWebKit/537.36 (KHTML, like Gecko) Chrome/69.0.3497.92 Safari/537.36','127.0.0.1'),(384,'http://127.0.0.1:5000/post/103','2018-09-15 05:43:44','http://127.0.0.1:5000/user/Icecola','GET','main.post','Mozilla/5.0 (Macintosh; Intel Mac OS X 10_13_6) AppleWebKit/537.36 (KHTML, like Gecko) Chrome/69.0.3497.92 Safari/537.36','127.0.0.1'),(385,'http://127.0.0.1:5000/post/103','2018-09-15 05:43:47','http://127.0.0.1:5000/post/103','POST','main.post','Mozilla/5.0 (Macintosh; Intel Mac OS X 10_13_6) AppleWebKit/537.36 (KHTML, like Gecko) Chrome/69.0.3497.92 Safari/537.36','127.0.0.1'),(386,'http://127.0.0.1:5000/post/103?page=-1','2018-09-15 05:43:47','http://127.0.0.1:5000/post/103','GET','main.post','Mozilla/5.0 (Macintosh; Intel Mac OS X 10_13_6) AppleWebKit/537.36 (KHTML, like Gecko) Chrome/69.0.3497.92 Safari/537.36','127.0.0.1'),(387,'http://127.0.0.1:5000/user/Icecola','2018-09-15 05:43:49','http://127.0.0.1:5000/post/103?page=-1','GET','main.user','Mozilla/5.0 (Macintosh; Intel Mac OS X 10_13_6) AppleWebKit/537.36 (KHTML, like Gecko) Chrome/69.0.3497.92 Safari/537.36','127.0.0.1'),(388,'http://127.0.0.1:5000/','2018-09-15 05:43:51','http://127.0.0.1:5000/user/Icecola','GET','main.index','Mozilla/5.0 (Macintosh; Intel Mac OS X 10_13_6) AppleWebKit/537.36 (KHTML, like Gecko) Chrome/69.0.3497.92 Safari/537.36','127.0.0.1'),(389,'http://127.0.0.1:5000/auth/logout','2018-09-15 05:44:52','http://127.0.0.1:5000/','GET','auth.logout','Mozilla/5.0 (Macintosh; Intel Mac OS X 10_13_6) AppleWebKit/537.36 (KHTML, like Gecko) Chrome/69.0.3497.92 Safari/537.36','127.0.0.1'),(390,'http://127.0.0.1:5000/','2018-09-15 05:44:52','http://127.0.0.1:5000/','GET','main.index','Mozilla/5.0 (Macintosh; Intel Mac OS X 10_13_6) AppleWebKit/537.36 (KHTML, like Gecko) Chrome/69.0.3497.92 Safari/537.36','127.0.0.1'),(391,'http://127.0.0.1:5000/auth/login','2018-09-15 05:44:54','http://127.0.0.1:5000/','GET','auth.login','Mozilla/5.0 (Macintosh; Intel Mac OS X 10_13_6) AppleWebKit/537.36 (KHTML, like Gecko) Chrome/69.0.3497.92 Safari/537.36','127.0.0.1'),(392,'http://127.0.0.1:5000/auth/login','2018-09-15 05:44:56','http://127.0.0.1:5000/auth/login','POST','auth.login','Mozilla/5.0 (Macintosh; Intel Mac OS X 10_13_6) AppleWebKit/537.36 (KHTML, like Gecko) Chrome/69.0.3497.92 Safari/537.36','127.0.0.1'),(393,'http://127.0.0.1:5000/','2018-09-15 05:44:56','http://127.0.0.1:5000/auth/login','GET','main.index','Mozilla/5.0 (Macintosh; Intel Mac OS X 10_13_6) AppleWebKit/537.36 (KHTML, like Gecko) Chrome/69.0.3497.92 Safari/537.36','127.0.0.1'),(394,'http://127.0.0.1:5000/','2018-09-15 05:44:59','http://127.0.0.1:5000/','GET','main.index','Mozilla/5.0 (Macintosh; Intel Mac OS X 10_13_6) AppleWebKit/537.36 (KHTML, like Gecko) Chrome/69.0.3497.92 Safari/537.36','127.0.0.1'),(395,'http://127.0.0.1:5000/user/Icecola','2018-09-15 05:44:59','http://127.0.0.1:5000/','GET','main.user','Mozilla/5.0 (Macintosh; Intel Mac OS X 10_13_6) AppleWebKit/537.36 (KHTML, like Gecko) Chrome/69.0.3497.92 Safari/537.36','127.0.0.1'),(396,'http://127.0.0.1:5000/messages','2018-09-15 05:45:00','http://127.0.0.1:5000/user/Icecola','GET','main.messages','Mozilla/5.0 (Macintosh; Intel Mac OS X 10_13_6) AppleWebKit/537.36 (KHTML, like Gecko) Chrome/69.0.3497.92 Safari/537.36','127.0.0.1'),(397,'http://127.0.0.1:5000/messages','2018-09-15 05:45:01','http://127.0.0.1:5000/messages','GET','main.messages','Mozilla/5.0 (Macintosh; Intel Mac OS X 10_13_6) AppleWebKit/537.36 (KHTML, like Gecko) Chrome/69.0.3497.92 Safari/537.36','127.0.0.1'),(398,'http://127.0.0.1:5000/messages?page=2','2018-09-15 05:45:03','http://127.0.0.1:5000/messages','GET','main.messages','Mozilla/5.0 (Macintosh; Intel Mac OS X 10_13_6) AppleWebKit/537.36 (KHTML, like Gecko) Chrome/69.0.3497.92 Safari/537.36','127.0.0.1'),(399,'http://127.0.0.1:5000/messages?page=3','2018-09-15 05:45:07','http://127.0.0.1:5000/messages?page=2','GET','main.messages','Mozilla/5.0 (Macintosh; Intel Mac OS X 10_13_6) AppleWebKit/537.36 (KHTML, like Gecko) Chrome/69.0.3497.92 Safari/537.36','127.0.0.1'),(400,'http://127.0.0.1:5000/post-article','2018-09-15 05:45:15','http://127.0.0.1:5000/messages?page=3','GET','main.post_article','Mozilla/5.0 (Macintosh; Intel Mac OS X 10_13_6) AppleWebKit/537.36 (KHTML, like Gecko) Chrome/69.0.3497.92 Safari/537.36','127.0.0.1'),(401,'http://127.0.0.1:5000/task_queue','2018-09-15 05:45:16','http://127.0.0.1:5000/post-article','GET','main.tasks','Mozilla/5.0 (Macintosh; Intel Mac OS X 10_13_6) AppleWebKit/537.36 (KHTML, like Gecko) Chrome/69.0.3497.92 Safari/537.36','127.0.0.1'),(402,'http://127.0.0.1:5000/messages','2018-09-15 05:45:17','http://127.0.0.1:5000/task_queue','GET','main.messages','Mozilla/5.0 (Macintosh; Intel Mac OS X 10_13_6) AppleWebKit/537.36 (KHTML, like Gecko) Chrome/69.0.3497.92 Safari/537.36','127.0.0.1'),(403,'http://127.0.0.1:5000/task_queue','2018-09-15 05:45:17','http://127.0.0.1:5000/messages','GET','main.tasks','Mozilla/5.0 (Macintosh; Intel Mac OS X 10_13_6) AppleWebKit/537.36 (KHTML, like Gecko) Chrome/69.0.3497.92 Safari/537.36','127.0.0.1'),(404,'http://127.0.0.1:5000/export_posts','2018-09-15 05:45:18','http://127.0.0.1:5000/task_queue','GET','main.export_posts','Mozilla/5.0 (Macintosh; Intel Mac OS X 10_13_6) AppleWebKit/537.36 (KHTML, like Gecko) Chrome/69.0.3497.92 Safari/537.36','127.0.0.1'),(405,'http://127.0.0.1:5000/user/Icecola','2018-09-15 05:45:18','http://127.0.0.1:5000/task_queue','GET','main.user','Mozilla/5.0 (Macintosh; Intel Mac OS X 10_13_6) AppleWebKit/537.36 (KHTML, like Gecko) Chrome/69.0.3497.92 Safari/537.36','127.0.0.1'),(406,'http://127.0.0.1:5000/moderate','2018-09-15 05:45:19','http://127.0.0.1:5000/user/Icecola','GET','main.moderate','Mozilla/5.0 (Macintosh; Intel Mac OS X 10_13_6) AppleWebKit/537.36 (KHTML, like Gecko) Chrome/69.0.3497.92 Safari/537.36','127.0.0.1'),(407,'http://127.0.0.1:5000/moderate','2018-09-15 05:45:20','http://127.0.0.1:5000/moderate','GET','main.moderate','Mozilla/5.0 (Macintosh; Intel Mac OS X 10_13_6) AppleWebKit/537.36 (KHTML, like Gecko) Chrome/69.0.3497.92 Safari/537.36','127.0.0.1'),(408,'http://127.0.0.1:5000/auth/logout','2018-09-15 05:45:20','http://127.0.0.1:5000/moderate','GET','auth.logout','Mozilla/5.0 (Macintosh; Intel Mac OS X 10_13_6) AppleWebKit/537.36 (KHTML, like Gecko) Chrome/69.0.3497.92 Safari/537.36','127.0.0.1'),(409,'http://127.0.0.1:5000/','2018-09-15 05:45:20','http://127.0.0.1:5000/moderate','GET','main.index','Mozilla/5.0 (Macintosh; Intel Mac OS X 10_13_6) AppleWebKit/537.36 (KHTML, like Gecko) Chrome/69.0.3497.92 Safari/537.36','127.0.0.1'),(410,'http://127.0.0.1:5000/','2018-09-15 05:45:22','http://127.0.0.1:5000/','GET','main.index','Mozilla/5.0 (Macintosh; Intel Mac OS X 10_13_6) AppleWebKit/537.36 (KHTML, like Gecko) Chrome/69.0.3497.92 Safari/537.36','127.0.0.1'),(411,'http://127.0.0.1:5000/','2018-09-15 05:45:54','http://127.0.0.1:5000/','GET','main.index','Mozilla/5.0 (Macintosh; Intel Mac OS X 10_13_6) AppleWebKit/537.36 (KHTML, like Gecko) Chrome/69.0.3497.92 Safari/537.36','127.0.0.1'),(412,'http://127.0.0.1:5000/','2018-09-15 05:45:56','http://127.0.0.1:5000/','GET','main.index','Mozilla/5.0 (Macintosh; Intel Mac OS X 10_13_6) AppleWebKit/537.36 (KHTML, like Gecko) Chrome/69.0.3497.92 Safari/537.36','127.0.0.1'),(413,'http://127.0.0.1:5000/','2018-09-15 05:46:18','http://127.0.0.1:5000/','GET','main.index','Mozilla/5.0 (Macintosh; Intel Mac OS X 10_13_6) AppleWebKit/537.36 (KHTML, like Gecko) Chrome/69.0.3497.92 Safari/537.36','127.0.0.1'),(414,'http://127.0.0.1:5000/','2018-09-15 05:46:25','http://127.0.0.1:5000/','GET','main.index','Mozilla/5.0 (Macintosh; Intel Mac OS X 10_13_6) AppleWebKit/537.36 (KHTML, like Gecko) Chrome/69.0.3497.92 Safari/537.36','127.0.0.1'),(415,'http://127.0.0.1:5000/','2018-09-15 05:46:44','http://127.0.0.1:5000/','GET','main.index','Mozilla/5.0 (Macintosh; Intel Mac OS X 10_13_6) AppleWebKit/537.36 (KHTML, like Gecko) Chrome/69.0.3497.92 Safari/537.36','127.0.0.1'),(416,'http://127.0.0.1:5000/','2018-09-15 05:47:24','http://127.0.0.1:5000/','GET','main.index','Mozilla/5.0 (Macintosh; Intel Mac OS X 10_13_6) AppleWebKit/537.36 (KHTML, like Gecko) Chrome/69.0.3497.92 Safari/537.36','127.0.0.1'),(417,'http://127.0.0.1:5000/','2018-09-15 05:47:40','http://127.0.0.1:5000/','GET','main.index','Mozilla/5.0 (Macintosh; Intel Mac OS X 10_13_6) AppleWebKit/537.36 (KHTML, like Gecko) Chrome/69.0.3497.92 Safari/537.36','127.0.0.1'),(418,'http://127.0.0.1:5000/all_visit','2018-09-15 05:47:58','','GET','main.all_visit','Mozilla/5.0 (Macintosh; Intel Mac OS X 10_13_6) AppleWebKit/537.36 (KHTML, like Gecko) Chrome/69.0.3497.92 Safari/537.36','127.0.0.1'),(419,'http://127.0.0.1:5000/all_visit','2018-09-15 05:48:11','','GET','main.all_visit','Mozilla/5.0 (Macintosh; Intel Mac OS X 10_13_6) AppleWebKit/537.36 (KHTML, like Gecko) Chrome/69.0.3497.92 Safari/537.36','127.0.0.1'),(420,'http://127.0.0.1:5000/all_visit','2018-09-15 05:48:23','','GET','main.all_visit','Mozilla/5.0 (Macintosh; Intel Mac OS X 10_13_6) AppleWebKit/537.36 (KHTML, like Gecko) Chrome/69.0.3497.92 Safari/537.36','127.0.0.1'),(421,'http://127.0.0.1:5000/all_visit','2018-09-15 05:48:32','','GET','main.all_visit','Mozilla/5.0 (Macintosh; Intel Mac OS X 10_13_6) AppleWebKit/537.36 (KHTML, like Gecko) Chrome/69.0.3497.92 Safari/537.36','127.0.0.1'),(422,'http://127.0.0.1:5000/all_visit','2018-09-15 05:54:31','','GET','main.all_visit','Mozilla/5.0 (Macintosh; Intel Mac OS X 10_13_6) AppleWebKit/537.36 (KHTML, like Gecko) Chrome/69.0.3497.92 Safari/537.36','127.0.0.1'),(423,'http://127.0.0.1:5000/all_visit','2018-09-15 05:55:11','','GET','main.all_visit','Mozilla/5.0 (Macintosh; Intel Mac OS X 10_13_6) AppleWebKit/537.36 (KHTML, like Gecko) Chrome/69.0.3497.92 Safari/537.36','127.0.0.1'),(424,'http://127.0.0.1:5000/','2018-09-15 05:55:32','http://127.0.0.1:5000/index','GET','main.index','Mozilla/5.0 (Macintosh; Intel Mac OS X 10_13_6) AppleWebKit/537.36 (KHTML, like Gecko) Chrome/69.0.3497.92 Safari/537.36','127.0.0.1'),(425,'http://127.0.0.1:5000/','2018-09-15 05:55:40','http://127.0.0.1:5000/index','GET','main.index','Mozilla/5.0 (Macintosh; Intel Mac OS X 10_13_6) AppleWebKit/537.36 (KHTML, like Gecko) Chrome/69.0.3497.92 Safari/537.36','127.0.0.1'),(426,'http://127.0.0.1:5000/','2018-09-15 05:56:44','http://127.0.0.1:5000/index','GET','main.index','Mozilla/5.0 (Macintosh; Intel Mac OS X 10_13_6) AppleWebKit/537.36 (KHTML, like Gecko) Chrome/69.0.3497.92 Safari/537.36','127.0.0.1'),(427,'http://127.0.0.1:5000/','2018-09-15 05:56:49','http://127.0.0.1:5000/index','GET','main.index','Mozilla/5.0 (Macintosh; Intel Mac OS X 10_13_6) AppleWebKit/537.36 (KHTML, like Gecko) Chrome/69.0.3497.92 Safari/537.36','127.0.0.1'),(428,'http://127.0.0.1:5000/all_visit','2018-09-15 05:56:51','http://127.0.0.1:5000/','GET','main.all_visit','Mozilla/5.0 (Macintosh; Intel Mac OS X 10_13_6) AppleWebKit/537.36 (KHTML, like Gecko) Chrome/69.0.3497.92 Safari/537.36','127.0.0.1'),(429,'http://127.0.0.1:5000/','2018-09-15 06:01:59','http://127.0.0.1:5000/index','GET','main.index','Mozilla/5.0 (Macintosh; Intel Mac OS X 10_13_6) AppleWebKit/537.36 (KHTML, like Gecko) Chrome/69.0.3497.92 Safari/537.36','127.0.0.1'),(430,'http://127.0.0.1:5000/','2018-09-15 06:02:04','http://127.0.0.1:5000/index','GET','main.index','Mozilla/5.0 (Macintosh; Intel Mac OS X 10_13_6) AppleWebKit/537.36 (KHTML, like Gecko) Chrome/69.0.3497.92 Safari/537.36','127.0.0.1'),(431,'http://127.0.0.1:5000/?page=2','2018-09-15 06:02:16','http://127.0.0.1:5000/','GET','main.index','Mozilla/5.0 (Macintosh; Intel Mac OS X 10_13_6) AppleWebKit/537.36 (KHTML, like Gecko) Chrome/69.0.3497.92 Safari/537.36','127.0.0.1'),(432,'http://127.0.0.1:5000/?page=1','2018-09-15 06:02:19','http://127.0.0.1:5000/?page=2','GET','main.index','Mozilla/5.0 (Macintosh; Intel Mac OS X 10_13_6) AppleWebKit/537.36 (KHTML, like Gecko) Chrome/69.0.3497.92 Safari/537.36','127.0.0.1'),(433,'http://127.0.0.1:5000/auth/login','2018-09-15 06:03:08','http://127.0.0.1:5000/?page=1','GET','auth.login','Mozilla/5.0 (Macintosh; Intel Mac OS X 10_13_6) AppleWebKit/537.36 (KHTML, like Gecko) Chrome/69.0.3497.92 Safari/537.36','127.0.0.1'),(434,'http://127.0.0.1:5000/','2018-09-15 06:03:10','http://127.0.0.1:5000/auth/login','GET','main.index','Mozilla/5.0 (Macintosh; Intel Mac OS X 10_13_6) AppleWebKit/537.36 (KHTML, like Gecko) Chrome/69.0.3497.92 Safari/537.36','127.0.0.1'),(435,'http://127.0.0.1:5000/','2018-09-15 06:05:17','http://127.0.0.1:5000/auth/login','GET','main.index','Mozilla/5.0 (Macintosh; Intel Mac OS X 10_13_6) AppleWebKit/537.36 (KHTML, like Gecko) Chrome/69.0.3497.92 Safari/537.36','127.0.0.1'),(436,'http://127.0.0.1:5000/','2018-09-15 08:01:25','','GET','main.index','Mozilla/5.0 (Macintosh; Intel Mac OS X 10_13_6) AppleWebKit/537.36 (KHTML, like Gecko) Chrome/69.0.3497.92 Safari/537.36','127.0.0.1'),(437,'http://127.0.0.1:5000/','2018-09-15 08:12:33','','GET','main.index','Mozilla/5.0 (Macintosh; Intel Mac OS X 10_13_6) AppleWebKit/537.36 (KHTML, like Gecko) Chrome/69.0.3497.92 Safari/537.36','127.0.0.1'),(438,'http://127.0.0.1:5000/','2018-09-15 08:14:19','','GET','main.index','Mozilla/5.0 (Macintosh; Intel Mac OS X 10_13_6) AppleWebKit/537.36 (KHTML, like Gecko) Chrome/69.0.3497.92 Safari/537.36','127.0.0.1'),(439,'http://127.0.0.1:5000/','2018-09-15 08:17:50','','GET','main.index','Mozilla/5.0 (Macintosh; Intel Mac OS X 10_13_6) AppleWebKit/537.36 (KHTML, like Gecko) Chrome/69.0.3497.92 Safari/537.36','127.0.0.1'),(440,'http://127.0.0.1:5000/','2018-09-15 08:18:09','','GET','main.index','Mozilla/5.0 (Macintosh; Intel Mac OS X 10_13_6) AppleWebKit/537.36 (KHTML, like Gecko) Chrome/69.0.3497.92 Safari/537.36','127.0.0.1'),(441,'http://127.0.0.1:5000/auth/login','2018-09-15 08:18:19','http://127.0.0.1:5000/','GET','auth.login','Mozilla/5.0 (Macintosh; Intel Mac OS X 10_13_6) AppleWebKit/537.36 (KHTML, like Gecko) Chrome/69.0.3497.92 Safari/537.36','127.0.0.1'),(442,'http://127.0.0.1:5000/','2018-09-15 08:18:22','http://127.0.0.1:5000/auth/login','GET','main.index','Mozilla/5.0 (Macintosh; Intel Mac OS X 10_13_6) AppleWebKit/537.36 (KHTML, like Gecko) Chrome/69.0.3497.92 Safari/537.36','127.0.0.1'),(443,'http://127.0.0.1:5000/','2018-09-15 08:18:25','http://127.0.0.1:5000/','GET','main.index','Mozilla/5.0 (Macintosh; Intel Mac OS X 10_13_6) AppleWebKit/537.36 (KHTML, like Gecko) Chrome/69.0.3497.92 Safari/537.36','127.0.0.1'),(444,'http://127.0.0.1:5000/auth/login','2018-09-15 08:18:27','http://127.0.0.1:5000/?','GET','auth.login','Mozilla/5.0 (Macintosh; Intel Mac OS X 10_13_6) AppleWebKit/537.36 (KHTML, like Gecko) Chrome/69.0.3497.92 Safari/537.36','127.0.0.1'),(445,'http://127.0.0.1:5000/','2018-09-15 08:18:29','http://127.0.0.1:5000/auth/login','GET','main.index','Mozilla/5.0 (Macintosh; Intel Mac OS X 10_13_6) AppleWebKit/537.36 (KHTML, like Gecko) Chrome/69.0.3497.92 Safari/537.36','127.0.0.1');
/*!40000 ALTER TABLE `view_message` ENABLE KEYS */;
UNLOCK TABLES;
/*!40103 SET TIME_ZONE=@OLD_TIME_ZONE */;

/*!40101 SET SQL_MODE=@OLD_SQL_MODE */;
/*!40014 SET FOREIGN_KEY_CHECKS=@OLD_FOREIGN_KEY_CHECKS */;
/*!40014 SET UNIQUE_CHECKS=@OLD_UNIQUE_CHECKS */;
/*!40101 SET CHARACTER_SET_CLIENT=@OLD_CHARACTER_SET_CLIENT */;
/*!40101 SET CHARACTER_SET_RESULTS=@OLD_CHARACTER_SET_RESULTS */;
/*!40101 SET COLLATION_CONNECTION=@OLD_COLLATION_CONNECTION */;
/*!40111 SET SQL_NOTES=@OLD_SQL_NOTES */;

-- Dump completed on 2018-09-15 22:15:14
